"Time (s)","Linear Acceleration x (m/s^2)","Linear Acceleration y (m/s^2)","Linear Acceleration z (m/s^2)","Absolute acceleration (m/s^2)"
0.000000000E0,3.263215939E-2,-1.240788663E-1,1.272973931E-1,1.807347481E-1
9.980000032E-3,-7.322146565E-2,-1.308178554E-1,2.649747634E-1,3.044442799E-1
1.996000001E-2,-9.223242654E-2,-1.121195561E-1,5.077371240E-2,1.538037231E-1
2.993900003E-2,-2.178626871E-2,-1.167368100E-1,-3.214079958E-1,3.426444573E-1
3.991900000E-2,6.515353231E-2,-1.654655318E-1,-4.581141436E-1,4.914187558E-1
4.989900003E-2,6.007228363E-2,-1.777861999E-1,-3.887234813E-1,4.316509667E-1
5.987900001E-2,-6.453590188E-2,-1.625638510E-1,7.959990084E-2,1.921666790E-1
6.985800003E-2,-1.467288967E-1,-1.104615051E-1,4.075257879E-1,4.469993077E-1
7.983800001E-2,-1.045609153E-1,-1.485040748E-1,9.772545075E-1,9.939883388E-1
8.981800004E-2,4.828712912E-2,-1.618550223E-1,1.017697944E0,1.031619019E0
9.979800001E-2,2.262339082E-1,-1.234969953E-1,6.625684708E-1,7.109361909E-1
1.097770000E-1,2.156156935E-1,-1.424830507E-1,4.435937530E-1,5.133877333E-1
1.197570000E-1,7.837507362E-2,-1.349616310E-1,-8.752989471E-2,1.789379123E-1
1.297370000E-1,-1.149036348E-1,-1.053029452E-1,-9.318076086E-1,9.447523353E-1
1.397170000E-1,-2.569461160E-1,-1.401799055E-1,-1.567978824E0,1.595064045E0
1.496960000E-1,-3.100186430E-1,-1.720713506E-1,-2.045695174E0,2.076195765E0
1.596760000E-1,-2.971378116E-1,-1.431497063E-1,-2.085354499E0,2.111275942E0
1.696560000E-1,-2.150773294E-1,-5.047535822E-2,-2.054427990E0,2.066272099E0
1.796360000E-1,-2.400599968E-2,-3.579804294E-2,-1.499179316E0,1.499798789E0
1.896150000E-1,1.547853366E-1,-4.470101349E-2,-1.029971834E0,1.042496360E0
1.995950000E-1,3.769800065E-1,2.041102186E-2,-1.364761768E0,1.416017379E0
2.095750000E-1,4.480271119E-1,8.029053010E-2,-2.471094730E0,2.512664727E0
2.195550000E-1,4.773837524E-1,3.498623013E-2,-4.003122534E0,4.031638539E0
2.295340000E-1,7.631846534E-1,-1.460434203E-1,-5.013658224E0,5.073514391E0
2.395140000E-1,1.787215644E0,-2.987656765E-1,-5.766746271E0,6.044730204E0
2.494940000E-1,1.333265741E0,-1.402328045E-1,-8.640586690E0,8.743969415E0
2.594740000E-1,-3.543166371E-1,-1.521261051E-1,-1.107518193E1,1.108189232E1
2.694530000E-1,-6.501847259E-1,-5.354988633E-1,-1.222355754E1,1.225254497E1
2.794330000E-1,-1.195887748E0,-1.062751691E0,-1.050468898E1,1.062582134E1
2.894130000E-1,-1.721880318E0,-1.337963394E0,-9.059004087E0,9.317755788E0
2.993930000E-1,-1.197149285E0,-1.783281929E0,-8.966833257E0,9.220485861E0
3.093720000E-1,6.857041490E-1,-2.643947781E0,-8.032120752E0,8.483844283E0
3.193520000E-1,-3.004477011E-1,-3.007479995E0,-5.466547880E0,6.246467039E0
3.293320000E-1,-5.728740831E-1,-3.249433393E0,-3.389525079E0,4.730315249E0
3.393120000E-1,1.386058899E-1,-3.848302589E0,-2.109453213E0,4.390721725E0
3.492910000E-1,4.775789398E-1,-4.194268014E0,8.819179952E-2,4.222291275E0
3.592710000E-1,5.258660506E-1,-3.819324958E0,2.709410868E0,4.712184790E0
3.692510000E-1,7.197829278E-2,-3.392200180E0,4.469601120E0,5.611553894E0
3.792310000E-1,-3.693226025E-1,-3.557034944E0,5.394355232E0,6.472091250E0
3.892100000E-1,-3.672636517E-1,-3.565353193E0,6.689781302E0,7.589453198E0
3.991900000E-1,-2.844887127E-1,-2.884574738E0,8.982891465E0,9.438964155E0
4.091700000E-1,-2.311355377E-1,-2.032355921E0,1.122310830E1,1.140798204E1
4.191500000E-1,-2.450335105E-2,-1.732172148E0,1.219987749E1,1.232225757E1
4.291290000E-1,2.656033756E-1,-1.870260578E0,1.237630202E1,1.251963544E1
4.391090000E-1,3.876984278E-1,-1.717596794E0,1.300878013E1,1.312740680E1
4.490890000E-1,3.484574347E-1,-1.147964553E0,1.415379243E1,1.420454453E1
4.590690000E-1,3.124147589E-1,-7.620769715E-1,1.469327058E1,1.471633666E1
4.690480000E-1,2.487257165E-1,-1.028085523E0,1.417260292E1,1.421201949E1
4.790280000E-1,9.165411863E-2,-1.662813646E0,1.317035040E1,1.327522050E1
4.890080000E-1,-6.854749382E-2,-2.027516765E0,1.234471185E1,1.251029311E1
4.989880000E-1,-1.489733870E-1,-2.070145306E0,1.179251016E1,1.197376259E1
5.089670000E-1,-1.819090351E-1,-2.407933107E0,1.090644415E1,1.117057549E1
5.189470000E-1,-1.673389614E-1,-3.246437280E0,9.196583809E0,9.754204790E0
5.289270000E-1,-3.953426756E-2,-4.026450001E0,7.154301070E0,8.209621573E0
5.389070000E-1,9.390009812E-2,-4.294665876E0,5.614568390E0,7.069395337E0
5.488860000E-1,4.111400250E-2,-4.384722645E0,4.502813305E0,6.285126148E0
5.588660000E-1,-5.471250650E-2,-4.709262994E0,2.810358953E0,5.484365857E0
5.688460000E-1,-1.554178957E-2,-5.038089645E0,2.839086324E-1,5.046106710E0
5.788260000E-1,-3.642862860E-2,-4.910995735E0,-1.856212642E0,5.250212522E0
5.888050000E-1,-1.101129288E-1,-4.481798412E0,-2.959137263E0,5.371697609E0
5.987850000E-1,1.606350190E-1,-4.187746614E0,-4.134492513E0,5.887024176E0
6.087650000E-1,2.207927086E-1,-3.888683753E0,-5.902573582E0,7.071844571E0
6.187450000E-1,6.502798162E-3,-3.282949341E0,-7.650144373E0,8.324812766E0
6.287240000E-1,2.755089244E-2,-2.632612661E0,-8.791564137E0,9.177309434E0
6.387040000E-1,3.178228486E-2,-2.075095266E0,-9.714946493E0,9.934143941E0
6.486840000E-1,1.205009551E-1,-1.487993153E0,-1.084502032E1,1.094728779E1
6.586640000E-1,-1.584473016E-2,-8.233989879E-1,-1.169445235E1,1.172341473E1
6.686429583E-1,-1.376522821E-1,-3.930316367E-1,-1.197231789E1,1.197955833E1
6.786229584E-1,-1.365545405E-1,-1.493492533E-1,-1.213293973E1,1.213462727E1
6.886029583E-1,-8.778392882E-2,1.001537592E-1,-1.263760707E1,1.263830880E1
6.985829583E-1,-5.851277640E-2,3.144389918E-1,-1.301596285E1,1.301989188E1
7.085619583E-1,-9.121376848E-2,2.663049684E-1,-1.262297734E1,1.262611560E1
7.185419584E-1,-1.052077178E-1,2.510900382E-2,-1.166915028E1,1.166965156E1
7.285219583E-1,-6.219326975E-2,-2.273518045E-1,-1.090624768E1,1.090879441E1
7.385019583E-1,2.031724714E-4,-5.069618563E-1,-1.048223450E1,1.049448667E1
7.484809583E-1,4.575687446E-2,-9.501188953E-1,-9.692238246E0,9.738803922E0
7.584609583E-1,-1.692586206E-4,-1.448560408E0,-8.219562020E0,8.346228315E0
7.684409583E-1,-3.839253475E-2,-1.873341330E0,-6.531348655E0,6.794806618E0
7.784209583E-1,-2.406189540E-2,-2.261628170E0,-5.067279530E0,5.549131715E0
7.883999583E-1,9.259405855E-2,-2.653611182E0,-3.598975267E0,4.472454465E0
7.983799583E-1,8.831601631E-2,-2.890191866E0,-1.849495361E0,3.432439632E0
8.083599583E-1,-9.068116022E-2,-2.957563485E0,-2.110026240E-2,2.959028567E0
8.183399583E-1,-1.447784848E-1,-3.002668321E0,1.600741943E0,3.405782234E0
8.283189583E-1,-5.469742251E-2,-3.078475426E0,3.211502506E0,4.449016869E0
8.382989583E-1,4.770888518E-2,-2.932849351E0,5.029705322E0,5.822526692E0
8.482789584E-1,1.020184363E-1,-2.596017569E0,6.819435707E0,7.297562494E0
8.582589583E-1,1.334147501E-1,-2.280239857E0,8.273282729E0,8.582802597E0
8.682379583E-1,1.130788193E-1,-2.043491943E0,9.384667686E0,9.605239910E0
8.782179583E-1,6.824912136E-2,-1.764402586E0,1.040256736E1,1.055135925E1
8.881979584E-1,1.641675230E-2,-1.395036896E0,1.143074644E1,1.151557040E1
8.981779583E-1,-3.596174670E-2,-1.061942071E0,1.225714746E1,1.230311660E1
9.081569584E-1,-5.215978573E-2,-9.588463032E-1,1.263053194E1,1.266698243E1
9.181369583E-1,-2.796017013E-2,-1.048940787E0,1.260918726E1,1.265277290E1
9.281169584E-1,-1.324823750E-3,-1.121928071E0,1.252830975E1,1.257844464E1
9.380969583E-1,4.140652774E-2,-1.160848893E0,1.240200287E1,1.245628194E1
9.480759584E-1,1.146923402E-1,-1.375038249E0,1.193256969E1,1.201208158E1
9.580559583E-1,1.516858007E-1,-1.847441819E0,1.103034431E1,1.118501433E1
9.680359584E-1,1.837250158E-1,-2.393664147E0,9.798289781E0,1.008810515E1
9.780159583E-1,1.519342160E-1,-2.785135235E0,8.580631680E0,9.022599532E0
9.879949584E-1,2.684157036E-2,-3.074844305E0,7.445643852E0,8.055619178E0
9.979749583E-1,-1.059986908E-1,-3.421290078E0,5.993926971E0,6.902435951E0
1.007954958E0,-1.876809679E-1,-3.875131661E0,4.139745067E0,5.673566670E0
1.017934958E0,-1.401841448E-1,-4.144191290E0,2.243711132E0,4.714680549E0
1.027913958E0,-5.720586888E-3,-4.148184645E0,7.562531447E-1,4.216561087E0
1.037893958E0,1.147560474E-1,-4.058415267E0,-5.089369726E-1,4.091811368E0
1.047873958E0,1.862368152E-1,-3.984714330E0,-2.048964937E0,4.484516669E0
1.057853958E0,9.602432761E-2,-3.765850124E0,-3.852546791E0,5.388224625E0
1.067832958E0,-1.393555029E-1,-3.294734989E0,-5.420352538E0,6.344676527E0
1.077812958E0,-1.442452553E-1,-2.784210497E0,-6.681589937E0,7.239908762E0
1.087792958E0,2.324990901E-2,-2.320914697E0,-7.826785249E0,8.163685009E0
1.097772958E0,7.395723724E-2,-1.812116012E0,-8.852238355E0,9.036114099E0
1.107751958E0,1.448908975E-2,-1.242695440E0,-9.654652344E0,9.734311161E0
1.117731958E0,-3.165197418E-2,-7.804938005E-1,-1.034004191E1,1.036950525E1
1.127711958E0,6.286122277E-4,-3.921531656E-1,-1.107120699E1,1.107815006E1
1.137691958E0,2.441231721E-2,-1.889363285E-3,-1.173833220E1,1.173835774E1
1.147670958E0,-5.513291216E-2,2.721848554E-1,-1.191310197E1,1.191633848E1
1.157650958E0,-1.660461055E-1,3.683221073E-1,-1.156198018E1,1.156903704E1
1.167630958E0,-1.875110332E-1,3.392607877E-1,-1.117084823E1,1.117757167E1
1.177610958E0,-1.333214505E-1,2.608807257E-1,-1.107572104E1,1.107959521E1
1.187589958E0,-5.013206271E-2,8.300151855E-2,-1.086612292E1,1.086655556E1
1.197569958E0,3.952644691E-3,-2.470912005E-1,-1.004284899E1,1.004588899E1
1.207549958E0,9.914886039E-3,-6.259578842E-1,-8.751268635E0,8.773632333E0
1.217529958E0,6.891272552E-2,-1.006027633E0,-7.519007698E0,7.586324362E0
1.227508958E0,1.589854099E-1,-1.413297020E0,-6.372006181E0,6.528793732E0
1.237488958E0,1.367478092E-1,-1.780320753E0,-5.068084692E0,5.373427620E0
1.247468958E0,1.612481179E-2,-2.075427973E0,-3.581729490E0,4.139619236E0
1.257448958E0,-1.328375751E-1,-2.320712822E0,-2.014858128E0,3.076200107E0
1.267427958E0,-8.269183539E-2,-2.541067483E0,-4.094477677E-1,2.575171716E0
1.277407958E0,-1.082940884E-3,-2.634245788E0,1.322516804E0,2.947592703E0
1.287387958E0,1.929544620E-3,-2.544963775E0,3.056874057E0,3.977602713E0
1.297367958E0,-1.289987136E-2,-2.414570282E0,4.549693941E0,5.150731114E0
1.307346958E0,-3.999150155E-2,-2.313719260E0,5.883304667E0,6.322038433E0
1.317326958E0,-3.984166665E-2,-2.113449785E0,7.240010726E0,7.542281662E0
1.327306958E0,3.800555871E-2,-1.798157392E0,8.605762428E0,8.791698436E0
1.337286958E0,1.179234384E-1,-1.468130600E0,9.814333956E0,9.924236213E0
1.347265958E0,1.469658916E-1,-1.225498048E0,1.073568674E1,1.080640617E1
1.357245958E0,1.427914913E-1,-1.054492133E0,1.134056366E1,1.139037871E1
1.367225958E0,1.230747167E-1,-9.138163108E-1,1.171118942E1,1.174743229E1
1.377205958E0,4.627420686E-2,-8.127787632E-1,1.195198478E1,1.197967825E1
1.387184958E0,-4.489914274E-2,-8.263823104E-1,1.194987277E1,1.197849668E1
1.397164958E0,-4.805906944E-2,-1.022199715E0,1.153581038E1,1.158111061E1
1.407144958E0,-3.822525870E-3,-1.306046952E0,1.085891564E1,1.093717615E1
1.417124958E0,2.309394367E-2,-1.598063918E0,1.015915830E1,1.028410613E1
1.427104958E0,4.184450246E-2,-1.905491806E0,9.319230326E0,9.512134559E0
1.437083958E0,9.866350494E-2,-2.307857426E0,8.088115443E0,8.411513051E0
1.447063958E0,7.891760387E-2,-2.714529521E0,6.644998646E0,7.178503014E0
1.457043958E0,-4.359026179E-2,-3.017821966E0,5.223372706E0,6.032642203E0
1.467023958E0,-1.214175975E-1,-3.206969452E0,3.753578573E0,4.938496472E0
1.477002958E0,-1.152970976E-1,-3.343572396E0,2.163753966E0,3.984294293E0
1.486982958E0,-1.231690030E-1,-3.435271063E0,5.748508805E-1,3.485213253E0
1.496962958E0,-9.659910891E-3,-3.408822645E0,-9.593614429E-1,3.541262419E0
1.506942958E0,1.299370820E-1,-3.270986523E0,-2.310623159E0,4.006896038E0
1.516921958E0,9.967876431E-2,-3.017215317E0,-3.538890449E0,4.651587872E0
1.526901958E0,3.598018371E-2,-2.720915557E0,-4.957450109E0,5.655173528E0
1.536881958E0,5.126312435E-2,-2.333995942E0,-6.400817751E0,6.813268881E0
1.546861958E0,7.505852376E-2,-1.874003673E0,-7.503234249E0,7.734083510E0
1.556840958E0,1.414119504E-1,-1.437761332E0,-8.264589089E0,8.389909880E0
1.566820958E0,5.323764685E-2,-1.002135141E0,-8.979990077E0,9.035891260E0
1.576800958E0,-4.373270544E-2,-5.683451953E-1,-9.740813990E0,9.757478465E0
1.586780958E0,-1.209336033E-1,-2.082426286E-1,-1.035012602E1,1.035292705E1
1.596759958E0,-1.147208179E-1,5.075558603E-2,-1.071542848E1,1.071616277E1
1.606739958E0,-1.158775525E-1,2.443196203E-1,-1.085142419E1,1.085479280E1
1.616719958E0,-1.374112032E-1,3.472795862E-1,-1.075210339E1,1.075858783E1
1.626699958E0,-8.758319573E-2,3.177622569E-1,-1.044042223E1,1.044562397E1
1.636678958E0,-1.000248464E-2,2.065685342E-1,-1.005005744E1,1.005218509E1
1.646658958E0,3.948822074E-2,3.283745147E-2,-9.652264926E0,9.652401557E0
1.656638958E0,-4.455468692E-3,-2.101253955E-1,-9.026012927E0,9.028459552E0
1.666618375E0,-5.956558585E-3,-5.228980771E-1,-7.983900518E0,8.001007772E0
1.676597375E0,2.664514046E-2,-8.610826117E-1,-6.663527303E0,6.718985738E0
1.686577375E0,5.911935193E-2,-1.149269652E0,-5.436220711E0,5.556690693E0
1.696557375E0,2.684354380E-2,-1.434350651E0,-4.375417678E0,4.604602287E0
1.706537375E0,-4.472474953E-2,-1.705202158E0,-3.142119445E0,3.575280312E0
1.716516375E0,-1.104380614E-1,-1.890683148E0,-1.568751242E0,2.459239677E0
1.726496375E0,-9.526680255E-2,-1.994348434E0,8.417651653E-2,1.998396139E0
1.736476375E0,3.318999290E-2,-2.068947212E0,1.525898752E0,2.570994193E0
1.746456375E0,1.072891073E-1,-2.078780474E0,2.940072416E0,3.602341603E0
1.756436375E0,6.577463452E-2,-1.946526396E0,4.403854442E0,4.815311544E0
1.766415375E0,-1.297826059E-2,-1.744969364E0,5.785063258E0,6.042519625E0
1.776395375E0,-7.570072163E-2,-1.542421814E0,6.954374242E0,7.123771245E0
1.786375375E0,-1.042908287E-1,-1.354425060E0,7.981523041E0,8.096298776E0
1.796355375E0,-1.067313104E-1,-1.136627972E0,8.934151999E0,9.006796693E0
1.806334375E0,-9.243560814E-2,-9.120504516E-1,9.781044588E0,9.823910301E0
1.816314375E0,-1.799579289E-2,-7.465017432E-1,1.038363407E1,1.041044885E1
1.826294375E0,7.393508177E-2,-6.775537151E-1,1.071105827E1,1.073272168E1
1.836274375E0,1.557198678E-1,-7.007677460E-1,1.088283076E1,1.090648107E1
1.846253375E0,2.567445333E-1,-7.535716116E-1,1.086737773E1,1.089649883E1
1.856233375E0,3.187441505E-1,-8.994713366E-1,1.060733334E1,1.065017217E1
1.866213375E0,3.043363919E-1,-1.138582696E0,1.011729457E1,1.018570767E1
1.876193375E0,2.144567570E-1,-1.419771788E0,9.427570462E0,9.536290077E0
1.886172375E0,7.669208050E-2,-1.702967060E0,8.532992660E0,8.701605726E0
1.896152375E0,-7.711852524E-2,-2.013333759E0,7.408670738E0,7.677751116E0
1.906132375E0,-1.963170130E-1,-2.339208443E0,6.137010092E0,6.570641474E0
1.916112375E0,-2.339191047E-1,-2.640712809E0,4.798591200E0,5.482203917E0
1.926091375E0,-1.516296308E-1,-2.844916875E0,3.447821234E0,4.472584805E0
1.936071375E0,-2.589666031E-2,-2.973129650E0,2.130442379E0,3.657725424E0
1.946051375E0,-5.429578274E-3,-3.039213712E0,8.436105466E-1,3.154128758E0
1.956031375E0,-4.574020989E-3,-3.016670941E0,-6.306151915E-1,3.081882543E0
1.966010375E0,-7.696375675E-2,-2.902249409E0,-2.155822218E0,3.616150507E0
1.975990375E0,-2.160892814E-1,-2.645489399E0,-3.523466079E0,4.411362822E0
1.985970375E0,-7.740946077E-3,-2.347738945E0,-4.793868989E0,5.337894525E0
1.995950375E0,1.785565157E-1,-2.025401096E0,-5.808804708E0,6.154376018E0
2.005930375E0,1.386436958E-1,-1.652627504E0,-6.646984361E0,6.850751844E0
2.015909375E0,1.660744279E-1,-1.269531821E0,-7.561482457E0,7.669113945E0
2.025889375E0,3.315494615E-2,-8.744978055E-1,-8.503691677E0,8.548603266E0
2.035869375E0,2.092413330E-2,-4.781505051E-1,-9.343382835E0,9.355632984E0
2.045849375E0,-1.505248725E-2,-1.383208564E-1,-9.805352633E0,9.806339760E0
2.055828375E0,-7.296890248E-2,1.168490034E-1,-9.878251040E0,9.879211596E0
2.065808375E0,-1.229527200E-1,2.822797443E-1,-9.875544949E0,9.880343479E0
2.075788375E0,-1.386709402E-1,3.896029756E-1,-9.972910445E0,9.981480995E0
2.085768375E0,-1.002918540E-1,3.986109768E-1,-1.001418243E1,1.002261438E1
2.095747375E0,-8.347473188E-2,3.120331550E-1,-9.725298988E0,9.730661495E0
2.105727375E0,-8.656621875E-2,1.481791158E-1,-9.026590047E0,9.028221233E0
2.115707375E0,-5.186734272E-2,-7.069707647E-2,-8.123406313E0,8.123879518E0
2.125687375E0,5.425777584E-3,-3.251851510E-1,-7.224714410E0,7.232031052E0
2.135666375E0,1.792944526E-2,-5.951236157E-1,-6.339445961E0,6.367343926E0
2.145646375E0,-9.326528236E-3,-8.617334068E-1,-5.363915212E0,5.432702629E0
2.155626375E0,-5.528131267E-2,-1.121327562E0,-4.147599632E0,4.296860974E0
2.165606375E0,-3.005773997E-2,-1.359072135E0,-2.699060127E0,3.022069838E0
2.175585375E0,1.015549531E-1,-1.550023487E0,-1.222080935E0,1.976453397E0
2.185565375E0,1.587333218E-1,-1.666566681E0,1.739529115E-1,1.683122213E0
2.195545375E0,1.025370295E-1,-1.720217808E0,1.487292511E0,2.276335248E0
2.205525375E0,-8.588280715E-3,-1.703899106E0,2.807085682E0,3.283759423E0
2.215505375E0,-5.610734152E-2,-1.633526697E0,4.114048893E0,4.426844903E0
2.225484375E0,-2.448907105E-2,-1.493539091E0,5.427834635E0,5.629622328E0
2.235464375E0,3.587166304E-2,-1.361270396E0,6.639870638E0,6.778069486E0
2.245444375E0,1.131667194E-1,-1.206651303E0,7.693575736E0,7.788447964E0
2.255424375E0,1.742202389E-1,-1.051407142E0,8.541934222E0,8.608161820E0
2.265403375E0,1.421224511E-1,-8.662918961E-1,9.284913018E0,9.326321364E0
2.275383375E0,3.387971766E-2,-7.175556868E-1,9.839914355E0,9.866100979E0
2.285363375E0,-6.385809995E-2,-6.453069055E-1,1.011448440E1,1.013525005E1
2.295343375E0,-1.332086723E-1,-6.278974056E-1,1.015094764E1,1.017122105E1
2.305322375E0,-1.697660675E-1,-6.824127513E-1,1.005749042E1,1.008204450E1
2.315302375E0,-1.385472624E-1,-8.163198370E-1,9.795551530E0,9.830483366E0
2.325282375E0,6.270225160E-3,-1.021108040E0,9.282554251E0,9.338549907E0
2.335262375E0,1.873230817E-1,-1.318468777E0,8.573225012E0,8.676038091E0
2.345242375E0,2.841723784E-1,-1.610723725E0,7.807208186E0,7.976696341E0
2.355221375E0,2.701099526E-1,-1.852849908E0,6.868982089E0,7.119615658E0
2.365201375E0,1.666322706E-1,-2.096434680E0,5.685809696E0,6.062279817E0
2.375181375E0,-6.231257122E-2,-2.316371557E0,4.312865335E0,4.895943979E0
2.385161375E0,-2.798646798E-1,-2.477105668E0,2.884524452E0,3.812460891E0
2.395140375E0,-2.953978082E-1,-2.530327902E0,1.505225921E0,2.958973510E0
2.405120375E0,-1.184814821E-1,-2.534181510E0,2.539691341E-1,2.549630190E0
2.415100375E0,1.104666031E-1,-2.518987227E0,-8.927938163E-1,2.674804726E0
2.425080375E0,2.329299385E-1,-2.418922364E0,-2.043335822E0,3.175005991E0
2.435059375E0,8.677505571E-2,-2.190670746E0,-3.224038351E0,3.898844895E0
2.445039375E0,-1.503902952E-1,-1.890711507E0,-4.568646521E0,4.946709844E0
2.455019375E0,-1.494986862E-1,-1.563546781E0,-5.941829449E0,6.145922680E0
2.464999375E0,3.040833537E-2,-1.213278537E0,-6.918554783E0,7.024198870E0
2.474979375E0,1.541007373E-1,-8.860119233E-1,-7.341555812E0,7.396431972E0
2.484958375E0,9.037758923E-2,-5.682125366E-1,-7.695407669E0,7.716886211E0
2.494938375E0,-3.337667439E-2,-2.605749529E-1,-8.437273155E0,8.441361952E0
2.504918375E0,-6.767105101E-2,2.661316350E-2,-9.365770070E0,9.366052351E0
2.514898375E0,-2.937010741E-2,2.248533623E-1,-9.784196822E0,9.786824260E0
2.524877375E0,-4.492207479E-2,3.322928801E-1,-9.539203749E0,9.545095322E0
2.534857375E0,-1.008779277E-1,3.742059412E-1,-9.064557772E0,9.072839360E0
2.544837375E0,-1.192073865E-1,3.670089689E-1,-8.803721083E0,8.812174017E0
2.554817375E0,-7.747611903E-2,2.732802947E-1,-8.750054753E0,8.754664063E0
2.564796375E0,-7.669306722E-2,1.202117372E-1,-8.501179714E0,8.502375504E0
2.574776375E0,-1.218088858E-1,-9.120004579E-2,-7.709728670E0,7.711230188E0
2.584756375E0,-6.589670428E-2,-3.404786897E-1,-6.487985119E0,6.497247033E0
2.594736375E0,1.215273972E-1,-6.106396410E-1,-5.268589810E0,5.305251008E0
2.604715375E0,2.157570134E-1,-8.410240307E-1,-4.275606292E0,4.362875390E0
2.614695375E0,4.583869893E-2,-1.004279461E0,-3.395479884E0,3.541180885E0
2.624675375E0,-1.757650915E-1,-1.177066438E0,-2.343500299E0,2.628378287E0
2.634655375E0,-1.938251672E-1,-1.342321324E0,-9.709927243E-1,1.667999281E0
2.644634375E0,-5.605122652E-3,-1.436042543E0,5.758653724E-1,1.547213796E0
2.654614375E0,1.678958356E-1,-1.446164073E0,2.014114362E0,2.485203453E0
2.664594375E0,2.351114251E-1,-1.426724712E0,3.214967566E0,3.525171944E0
2.674574833E0,1.639477773E-1,-1.372409926E0,4.324969656E0,4.540457070E0
2.684554833E0,1.926935300E-2,-1.213990728E0,5.441204878E0,5.575020656E0
2.694533833E0,-9.520827558E-2,-1.028659719E0,6.498801883E0,6.580397507E0
2.704513833E0,-1.381653570E-1,-8.717444247E-1,7.420697876E0,7.473003745E0
2.714493833E0,-8.841560170E-2,-7.555275053E-1,8.190346407E0,8.225595018E0
2.724473833E0,-9.248668905E-3,-6.364472044E-1,8.818535589E0,8.841477281E0
2.734452833E0,4.497921305E-2,-5.544177854E-1,9.307937014E0,9.324542545E0
2.744432833E0,6.842609100E-2,-4.938517410E-1,9.600348083E0,9.613285338E0
2.754412833E0,4.547310177E-2,-5.112290812E-1,9.630343130E0,9.644010150E0
2.764392833E0,2.608989252E-2,-6.016907698E-1,9.391570324E0,9.410861046E0
2.774371833E0,-5.798592400E-3,-7.809640628E-1,8.981344877E0,9.015236785E0
2.784351833E0,-9.354649689E-3,-9.555513972E-1,8.451502939E0,8.505355249E0
2.794331833E0,3.482915930E-2,-1.141746624E0,7.794078264E0,7.877338028E0
2.804311833E0,6.698022075E-2,-1.406396282E0,6.942723080E0,7.084055379E0
2.814291833E0,7.865455225E-2,-1.681403698E0,5.901937405E0,6.137277089E0
2.824270833E0,9.958747465E-2,-1.916666420E0,4.785971155E0,5.156456896E0
2.834250833E0,1.311691269E-1,-2.092693047E0,3.629619355E0,4.191742620E0
2.844230833E0,1.046237911E-1,-2.222758512E0,2.409318897E0,3.279698018E0
2.854210833E0,6.442904402E-2,-2.303731923E0,1.113804535E0,2.559666466E0
2.864189833E0,6.966336183E-2,-2.293050230E0,-2.137812209E-1,2.304047472E0
2.874169833E0,-2.516617863E-2,-2.197751724E0,-1.371707091E0,2.590815764E0
2.884149833E0,-1.192448635E-1,-2.039320832E0,-2.488952712E0,3.219927700E0
2.894129833E0,-7.820404256E-2,-1.833475890E0,-3.717453305E0,4.145745866E0
2.904108833E0,-9.565982681E-2,-1.588017379E0,-4.794865939E0,5.051899580E0
2.914088833E0,-4.239779525E-2,-1.293088791E0,-5.671881629E0,5.817569716E0
2.924068833E0,-1.286445916E-2,-9.796787632E-1,-6.442576227E0,6.516649784E0
2.934048833E0,-8.176898031E-2,-6.805112368E-1,-7.195139194E0,7.227711237E0
2.944027833E0,-1.144764226E-2,-3.823956976E-1,-7.936519945E0,7.945735105E0
2.954007833E0,-3.554378042E-2,-1.178677346E-1,-8.409322295E0,8.410223399E0
2.963987833E0,1.537975774E-2,9.348521076E-2,-8.652384617E0,8.652903304E0
2.973967833E0,4.685410447E-3,2.525196093E-1,-8.776623917E0,8.780257142E0
2.983947833E0,3.664693074E-2,3.333743957E-1,-8.837006359E0,8.843368299E0
2.993926833E0,2.583095223E-2,3.720846444E-1,-8.739049709E0,8.747005432E0
3.003906833E0,-9.910116903E-4,3.580017717E-1,-8.437419335E0,8.445011030E0
3.013886833E0,-4.964174626E-2,2.758983855E-1,-7.985432489E0,7.990351448E0
3.023866833E0,-8.250269623E-2,1.242109403E-1,-7.376514561E0,7.378021558E0
3.033845833E0,-9.490306919E-2,-4.992352724E-2,-6.573008312E0,6.573882964E0
3.043825833E0,-1.068849277E-1,-2.438755243E-1,-5.668693142E0,5.674943312E0
3.053805833E0,-9.776392909E-2,-4.544090554E-1,-4.757065444E0,4.779719345E0
3.063785833E0,-7.009130493E-2,-6.760088807E-1,-3.783550816E0,3.844106863E0
3.073764833E0,-6.446679510E-2,-8.627540383E-1,-2.613130615E0,2.752626402E0
3.083744833E0,-1.590581529E-2,-9.830610850E-1,-1.324944568E0,1.649890966E0
3.093724833E0,2.045845740E-2,-1.078304042E0,-8.425077617E-2,1.081783873E0
3.103704833E0,2.821414942E-2,-1.146121219E0,1.089642670E0,1.581679814E0
3.113684833E0,2.094783280E-2,-1.149259127E0,2.245280524E0,2.522403613E0
3.123663833E0,-1.484820016E-2,-1.088564444E0,3.447435903E0,3.615246509E0
3.133643833E0,-2.772252649E-2,-9.917854232E-1,4.597530012E0,4.703369970E0
3.143623833E0,2.808980472E-2,-9.139817870E-1,5.583200417E0,5.657585938E0
3.153603833E0,7.454892064E-2,-8.494302803E-1,6.453246226E0,6.509337615E0
3.163582833E0,9.772942138E-2,-7.389752072E-1,7.275440176E0,7.313526177E0
3.173562833E0,1.546264020E-1,-6.242434806E-1,7.950922807E0,7.976889289E0
3.183542833E0,1.909854487E-1,-5.281830829E-1,8.429817955E0,8.448507771E0
3.193522833E0,1.662573179E-1,-4.825297773E-1,8.794959615E0,8.809755452E0
3.203501833E0,1.292411537E-1,-5.043077320E-1,8.931099168E0,8.946259661E0
3.213481833E0,1.198997882E-1,-5.863570315E-1,8.797554610E0,8.817888502E0
3.223461833E0,6.168112675E-2,-6.838131595E-1,8.550447768E0,8.577969575E0
3.233441833E0,-3.075006858E-2,-8.005428797E-1,8.197723839E0,8.236776713E0
3.243420833E0,-8.155696392E-2,-9.586235243E-1,7.627790467E0,7.688224633E0
3.253400833E0,-1.270924847E-1,-1.145377745E0,6.885551929E0,6.981322800E0
3.263380833E0,-1.845791113E-1,-1.354665965E0,6.023107501E0,6.176326845E0
3.273360833E0,-1.674996319E-1,-1.562391810E0,5.030637369E0,5.270335533E0
3.283340833E0,-6.014422266E-2,-1.748091778E0,3.923284652E0,4.295533104E0
3.293319833E0,4.499562180E-2,-1.901334436E0,2.840377389E0,3.418309664E0
3.303299833E0,1.530296005E-1,-1.993303829E0,1.750120761E0,2.656990947E0
3.313279833E0,2.447555485E-1,-2.013638691E0,6.070076430E-1,2.117334252E0
3.323259833E0,8.452469995E-2,-1.947869794E0,-5.100450200E-1,2.015313147E0
3.333238833E0,-1.086796392E-1,-1.823921101E0,-1.710256199E0,2.502693692E0
3.343218833E0,-9.874076128E-2,-1.651426193E0,-3.003141069E0,3.428675326E0
3.353198833E0,-1.158484717E-1,-1.426405016E0,-4.022593178E0,4.269579371E0
3.363178833E0,3.973653554E-2,-1.188717892E0,-4.789073102E0,4.934556758E0
3.373157833E0,1.799803493E-1,-9.303925824E-1,-5.466756041E0,5.548283058E0
3.383137833E0,-1.047017053E-3,-6.728377895E-1,-6.193773692E0,6.230212223E0
3.393117833E0,1.331447549E-3,-4.153259736E-1,-7.060045123E0,7.072251026E0
3.403097833E0,-4.111040281E-2,-1.550421390E-1,-7.750645146E0,7.752304709E0
3.413077833E0,6.850981582E-3,6.311513811E-2,-8.070156890E0,8.070406599E0
3.423056833E0,7.292400682E-3,2.244480041E-1,-8.086016293E0,8.089134043E0
3.433036833E0,-2.605404178E-2,3.437146850E-1,-8.054372916E0,8.061745572E0
3.443016833E0,-6.990757445E-2,4.120272669E-1,-8.124968104E0,8.135708957E0
3.452996833E0,-9.885801623E-2,4.389427315E-1,-8.154401819E0,8.166805535E0
3.462975833E0,-1.322700663E-1,3.961080761E-1,-7.887768200E0,7.898815364E0
3.472955833E0,-9.225164926E-2,2.668216065E-1,-7.251085938E0,7.256579870E0
3.482935833E0,-2.882909378E-2,9.613787323E-2,-6.400859267E0,6.401646113E0
3.492915833E0,-8.890508674E-4,-6.817590326E-2,-5.611847096E0,5.612261271E0
3.502894833E0,-1.144899443E-2,-2.420583558E-1,-4.925350065E0,4.931307797E0
3.512874833E0,-6.295296924E-2,-4.342569190E-1,-4.169076455E0,4.192104559E0
3.522854833E0,-7.787937591E-2,-6.149993250E-1,-3.079905655E0,3.141672836E0
3.532834833E0,-5.442168061E-3,-7.823858133E-1,-1.814117952E0,1.975647013E0
3.542813833E0,1.442144752E-1,-9.189662459E-1,-6.135132551E-1,1.114313820E0
3.552793833E0,1.920238777E-1,-9.801289988E-1,5.142304569E-1,1.123369479E0
3.562773833E0,8.192884684E-2,-9.885077664E-1,1.588913026E0,1.873100249E0
3.572753833E0,-5.096975857E-2,-9.409406671E-1,2.629188239E0,2.792955075E0
3.582733833E0,-1.210240433E-1,-8.933574879E-1,3.650210910E0,3.759890172E0
3.592712833E0,-1.174754595E-1,-8.380726486E-1,4.672721112E0,4.748735499E0
3.602692833E0,-5.879143277E-2,-7.341746432E-1,5.654076857E0,5.701846538E0
3.612672833E0,4.826741304E-2,-6.472060812E-1,6.474680364E0,6.507126192E0
3.622652833E0,1.258611525E-1,-5.754373562E-1,7.118106805E0,7.142437516E0
3.632631833E0,1.309470424E-1,-5.186228853E-1,7.644738622E0,7.663429090E0
3.642611833E0,9.604676630E-2,-4.495321852E-1,7.975558881E0,7.988794879E0
3.652591833E0,5.943787901E-2,-3.969990456E-1,8.142690430E0,8.152579257E0
3.662571833E0,-3.378837319E-2,-3.571286362E-1,8.274942169E0,8.282713953E0
3.672551583E0,-1.023509419E-1,-3.832218361E-1,8.201801687E0,8.211387557E0
3.682530583E0,-7.184636498E-2,-5.275410587E-1,7.772018473E0,7.790233155E0
3.692510583E0,-4.618140059E-3,-7.243425500E-1,7.240173279E0,7.276317927E0
3.702490583E0,7.317765721E-2,-8.773805559E-1,6.795940425E0,6.852733606E0
3.712470583E0,1.738971437E-1,-1.028100141E0,6.148948352E0,6.236729588E0
3.722449583E0,2.223225960E-1,-1.253348629E0,5.211161381E0,5.364374433E0
3.732429583E0,1.160893039E-1,-1.457403591E0,4.176161526E0,4.424683835E0
3.742409583E0,2.105615247E-2,-1.559734835E0,3.176284726E0,3.538643918E0
3.752389583E0,-1.394506115E-2,-1.598649809E0,2.127650333E0,2.661347707E0
3.762368583E0,-6.458176598E-2,-1.652760528E0,1.029250873E0,1.948113325E0
3.772348583E0,7.349173492E-3,-1.691380802E0,-1.298000014E-1,1.696369968E0
3.782328583E0,1.818043699E-1,-1.641577143E0,-1.130924013E0,2.001703641E0
3.792308583E0,8.464856956E-2,-1.479666572E0,-1.926809000E0,2.430878744E0
3.802287583E0,-1.074430262E-1,-1.314681828E0,-2.925813981E0,3.209411124E0
3.812267583E0,-1.167512270E-1,-1.127947926E0,-4.186035719E0,4.336910469E0
3.822247583E0,-1.593277461E-1,-8.980713670E-1,-5.118701114E0,5.199328669E0
3.832227583E0,-1.002154565E-1,-6.376909071E-1,-5.613321764E0,5.650316279E0
3.842207583E0,-4.863588813E-2,-4.032957660E-1,-6.029524820E0,6.043193070E0
3.852186583E0,-1.191033426E-1,-1.871429144E-1,-6.630187064E0,6.633896938E0
3.862166583E0,-1.211106004E-1,2.320277497E-2,-7.239465766E0,7.240515916E0
3.872146583E0,-1.483997020E-1,2.126040302E-1,-7.606708331E0,7.611125710E0
3.882126583E0,-1.004848852E-1,3.269806847E-1,-7.746093088E0,7.753642480E0
3.892105583E0,-3.169473195E-2,3.717285490E-1,-7.674506797E0,7.683569564E0
3.902085583E0,3.934324633E-2,3.773076698E-1,-7.427014039E0,7.436695940E0
3.912065583E0,4.699807389E-2,3.627147737E-1,-7.118515525E0,7.127905310E0
3.922045583E0,2.771689855E-2,3.048473655E-1,-6.901496701E0,6.908281759E0
3.932025583E0,-3.396556210E-3,2.042302327E-1,-6.578592403E0,6.581762646E0
3.942004583E0,8.463534024E-3,6.436790407E-2,-5.847172383E0,5.847532790E0
3.951984583E0,5.113377297E-2,-9.001291484E-2,-4.817902215E0,4.819014291E0
3.961964583E0,1.139823694E-1,-2.484163257E-1,-3.901217260E0,3.910779815E0
3.971944583E0,1.007605723E-1,-3.966107905E-1,-3.197311313E0,3.223391451E0
3.981923583E0,-1.353889894E-2,-5.220750815E-1,-2.377079104E0,2.433772948E0
3.991903583E0,-9.833810739E-2,-6.179305342E-1,-1.276389874E0,1.421506117E0
4.001883583E0,-7.663105018E-2,-6.846367398E-1,-8.012556553E-2,6.935559744E-1
4.011863583E0,1.228608730E-2,-7.492221603E-1,9.904785705E-1,1.241987356E0
4.021842583E0,8.700329812E-2,-7.886350250E-1,1.994728503E0,2.146731604E0
4.031822583E0,7.792609882E-2,-7.532494301E-1,3.017522880E0,3.111093299E0
4.041802583E0,1.921797059E-2,-6.726046318E-1,4.022423608E0,4.078315584E0
4.051782583E0,-4.138673857E-2,-5.995898652E-1,4.863528038E0,4.900523018E0
4.061761583E0,-2.871213119E-2,-5.487658668E-1,5.570299121E0,5.597338712E0
4.071741583E0,2.033579377E-2,-4.755856240E-1,6.267687176E0,6.285737647E0
4.081721583E0,5.818516787E-2,-3.761543065E-1,6.961289744E0,6.971687921E0
4.091701583E0,7.433166917E-2,-3.004837346E-1,7.442028519E0,7.448463207E0
4.101681583E0,7.109545458E-2,-3.001042503E-1,7.623568193E0,7.629804002E0
4.111660583E0,3.473180316E-2,-3.421328670E-1,7.620416543E0,7.628172094E0
4.121640583E0,-2.283704991E-2,-3.846789622E-1,7.592732316E0,7.602505078E0
4.131620583E0,-2.786872515E-2,-4.422541559E-1,7.453412463E0,7.466573695E0
4.141600583E0,-1.298493007E-2,-5.703736675E-1,7.124030035E0,7.146838368E0
4.151579583E0,3.755715036E-2,-7.504392582E-1,6.571030784E0,6.613850254E0
4.161559583E0,9.450742283E-2,-9.207891154E-1,5.901622825E0,5.973770686E0
4.171539583E0,1.017736938E-1,-1.046861224E0,5.219234047E0,5.324160060E0
4.181519583E0,7.304462392E-2,-1.172080225E0,4.453342352E0,4.605579841E0
4.191498583E0,1.704801405E-2,-1.325737743E0,3.464508603E0,3.709540546E0
4.201478583E0,-5.943325605E-2,-1.437147374E0,2.389630737E0,2.789132472E0
4.211458583E0,-1.155438318E-1,-1.470011942E0,1.363940234E0,2.008635967E0
4.221438583E0,-1.081828086E-1,-1.445816164E0,3.971118969E-1,1.503258380E0
4.231418583E0,-5.045368697E-2,-1.429535176E0,-5.660554987E-1,1.538354713E0
4.241397583E0,3.918644959E-2,-1.371295154E0,-1.564271690E0,2.080608540E0
4.251377583E0,5.661780344E-2,-1.244962552E0,-2.492406662E0,2.786615923E0
4.261357583E0,1.744546026E-2,-1.065279954E0,-3.344131390E0,3.509749347E0
4.271337583E0,-1.544733876E-2,-8.653024010E-1,-4.195774841E0,4.284100067E0
4.281316583E0,-5.349191850E-2,-6.593201964E-1,-5.018784478E0,5.062189461E0
4.291296583E0,-3.430175873E-2,-4.290825717E-1,-5.677044720E0,5.693340427E0
4.301276583E0,5.269465065E-3,-2.027875784E-1,-6.105730412E0,6.109099314E0
4.311256583E0,2.540611546E-2,-8.389146477E-3,-6.482075338E0,6.482130555E0
4.321235583E0,3.150406703E-2,1.764979121E-1,-6.882154697E0,6.884489617E0
4.331215583E0,2.143028291E-2,3.121805048E-1,-7.175879635E0,7.182698967E0
4.341195583E0,3.256244048E-2,3.954379852E-1,-7.237590564E0,7.248458366E0
4.351175583E0,3.840078481E-2,4.325432463E-1,-7.097038702E0,7.110311289E0
4.361155583E0,4.091026358E-2,4.348524579E-1,-6.867068295E0,6.880944505E0
4.371134583E0,3.878353989E-2,3.752504732E-1,-6.581149390E0,6.591953002E0
4.381114583E0,2.793499969E-2,3.074834365E-1,-6.175055001E0,6.182768853E0
4.391094583E0,9.118349086E-3,2.047814789E-1,-5.630723078E0,5.634453033E0
4.401074583E0,-2.567676846E-3,8.878996968E-2,-4.962733068E0,4.963527955E0
4.411053583E0,1.116598919E-3,-6.102183491E-2,-4.149260826E0,4.149709666E0
4.421033583E0,-5.558820013E-3,-1.928975978E-1,-3.266739398E0,3.272434365E0
4.431013583E0,-4.254273310E-2,-3.157300571E-1,-2.376609573E0,2.397867472E0
4.440993583E0,-1.056844030E-1,-4.311923933E-1,-1.478186642E0,1.543415635E0
4.450972583E0,-1.367846101E-1,-5.229460242E-1,-5.463316709E-1,7.685446431E-1
4.460952583E0,-1.340433989E-1,-5.754300472E-1,4.884647012E-1,7.666062459E-1
4.470932583E0,-1.180802261E-1,-6.101016971E-1,1.529772533E0,1.651172620E0
4.480912583E0,-7.748817891E-2,-6.195572296E-1,2.489317578E0,2.566428955E0
4.490891583E0,-4.188579842E-2,-6.114997664E-1,3.352592311E0,3.408161027E0
4.500871583E0,-3.108610075E-2,-5.401856625E-1,4.211171730E0,4.245790178E0
4.510851583E0,-4.409915227E-3,-4.748880512E-1,5.016349697E0,5.038779852E0
4.520831583E0,6.074115942E-2,-4.102073210E-1,5.678284914E0,5.693406634E0
4.530811583E0,1.307532803E-1,-3.643628114E-1,6.209262382E0,6.221317867E0
4.540790583E0,1.940879813E-1,-3.371773517E-1,6.670403629E0,6.681739540E0
4.550770583E0,2.529856324E-1,-3.078102958E-1,7.031396105E0,7.042675635E0
4.560750583E0,2.506449189E-1,-2.945616746E-1,7.204269621E0,7.214644151E0
4.570730583E0,1.622498007E-1,-3.280551106E-1,7.188184515E0,7.197495521E0
4.580709583E0,3.413398018E-2,-3.972878981E-1,7.009271995E0,7.020605153E0
4.590689583E0,-9.368533172E-2,-4.625416553E-1,6.709772347E0,6.726348688E0
4.600669583E0,-2.043623249E-1,-5.372082603E-1,6.291056158E0,6.317257653E0
4.610649583E0,-2.286463049E-1,-6.677765858E-1,5.719960359E0,5.763345488E0
4.620628583E0,-1.087029641E-1,-8.341371801E-1,5.027973377E0,5.097854201E0
4.630608583E0,3.476076515E-2,-9.757134739E-1,4.344987014E0,4.453328783E0
4.640588583E0,1.160216772E-1,-1.083589925E0,3.655016736E0,3.814023531E0
4.650568583E0,1.574201102E-1,-1.183310095E0,2.783480473E0,3.028657692E0
4.660548583E0,1.144398044E-1,-1.263796141E0,1.732533506E0,2.147544995E0
4.670527458E0,-4.235353913E-2,-1.261957192E0,6.961630636E-1,1.441864344E0
4.680507458E0,-1.034294973E-1,-1.210424803E0,-2.689707506E-1,1.244255251E0
4.690487458E0,1.992166473E-2,-1.154080448E0,-1.188784550E0,1.656957230E0
4.700467458E0,1.275598052E-1,-1.087826525E0,-1.975198218E0,2.258549546E0
4.710446458E0,1.558370314E-1,-9.639778197E-1,-2.719065791E0,2.889092797E0
4.720426458E0,9.578159507E-2,-7.965040617E-1,-3.517293173E0,3.607623054E0
4.730406458E0,-1.010922008E-1,-6.050279219E-1,-4.354565923E0,4.397558731E0
4.740386458E0,-1.775065934E-1,-4.093621060E-1,-5.176690291E0,5.195883783E0
4.750365458E0,-1.205115897E-1,-2.080978735E-1,-5.745726115E0,5.750756155E0
4.760345458E0,-7.170609576E-2,-3.850493833E-2,-5.956840421E0,5.957396428E0
4.770325458E0,-8.847001735E-3,1.062883472E-1,-6.107543634E0,6.108474828E0
4.780305458E0,-6.701897683E-2,2.387488317E-1,-6.417989854E0,6.422778707E0
4.790285458E0,-9.279202335E-2,3.604130173E-1,-6.796798212E0,6.806979788E0
4.800264458E0,-7.482988849E-2,4.230513149E-1,-6.905755813E0,6.919106538E0
4.810244458E0,-1.925395838E-2,4.363204014E-1,-6.608277547E0,6.622694191E0
4.820224458E0,5.474618280E-2,3.995291358E-1,-6.135685113E0,6.148922872E0
4.830204458E0,7.892368862E-2,3.538740760E-1,-5.730912779E0,5.742370337E0
4.840183458E0,6.714251753E-2,2.772213180E-1,-5.395828146E0,5.403362023E0
4.850163458E0,-1.182968471E-2,1.873687631E-1,-4.968359259E0,4.971905140E0
4.860143458E0,-3.513128676E-2,7.310890675E-2,-4.312970585E0,4.313733230E0
4.870123458E0,2.468540959E-2,-7.738000542E-2,-3.423046582E0,3.424010066E0
4.880102458E0,1.390670525E-1,-2.065832984E-1,-2.451591343E0,2.464207056E0
4.890082458E0,1.845197804E-1,-3.010743034E-1,-1.550481616E0,1.590184432E0
4.900062458E0,8.309470855E-2,-3.799932960E-1,-7.473718089E-1,8.425344244E-1
4.910042458E0,-8.673207868E-2,-4.451087666E-1,3.346419990E-2,4.547132285E-1
4.920021458E0,-1.763268080E-1,-4.646852446E-1,9.358199680E-1,1.059614332E0
4.930001458E0,-1.522016347E-1,-4.897271150E-1,1.928793545E0,1.995806234E0
4.939981458E0,-5.507368170E-2,-4.781557676E-1,2.878346284E0,2.918311734E0
4.949961458E0,4.043113908E-2,-4.517161202E-1,3.743064694E0,3.770439687E0
4.959941458E0,6.216613501E-2,-4.255276108E-1,4.475248361E0,4.495863239E0
4.969920458E0,4.583508097E-2,-3.463656664E-1,5.105501609E0,5.117442400E0
4.979900458E0,-1.747685250E-2,-2.751845866E-1,5.629813836E0,5.636562412E0
4.989880458E0,-9.579431277E-2,-2.332647282E-1,6.071779139E0,6.077013320E0
4.999860458E0,-9.279518450E-2,-2.059699255E-1,6.366081197E0,6.370088254E0
5.009839458E0,-2.301812173E-2,-2.019821244E-1,6.562710196E0,6.565858034E0
5.019819458E0,7.222155523E-2,-2.224438709E-1,6.681976438E0,6.686068078E0
5.029799458E0,1.465822503E-1,-2.956293762E-1,6.676811593E0,6.684960443E0
5.039779458E0,2.222547866E-1,-3.735739303E-1,6.476501772E0,6.491073091E0
5.049758458E0,2.114608265E-1,-4.748424429E-1,6.118652174E0,6.140691773E0
5.059738458E0,1.045404318E-1,-5.871627778E-1,5.645376785E0,5.676792041E0
5.069718458E0,-6.435153186E-3,-6.856331053E-1,5.022768770E0,5.069353044E0
5.079698458E0,-6.430168435E-2,-8.077533737E-1,4.283358530E0,4.359330283E0
5.089678458E0,-9.614752114E-2,-9.139180523E-1,3.568459234E0,3.684886953E0
5.099657458E0,-7.799699631E-2,-1.002289946E0,2.806736019E0,2.981347975E0
5.109637458E0,1.846711501E-2,-1.079118851E0,1.970505243E0,2.246715256E0
5.119617458E0,3.362512624E-2,-1.103509050E0,1.122759545E0,1.574627533E0
5.129597458E0,-4.875664227E-2,-1.100601814E0,2.336904055E-1,1.126193930E0
5.139576458E0,-7.634082729E-2,-1.038194774E0,-7.222246885E-1,1.266998347E0
5.149556458E0,-7.021672770E-2,-9.533353025E-1,-1.651567696E0,1.908259532E0
5.159536458E0,-3.876458212E-2,-8.527263558E-1,-2.435731355E0,2.580975041E0
5.169516458E0,1.037597188E-1,-7.456448337E-1,-3.128692483E0,3.217991447E0
5.179495458E0,1.592040226E-1,-6.025716528E-1,-3.748852268E0,3.800306810E0
5.189475458E0,9.989876579E-2,-4.372536170E-1,-4.369805521E0,4.392763456E0
5.199455458E0,6.884698089E-2,-2.656999643E-1,-5.035766546E0,5.043241129E0
5.209435458E0,3.988531977E-4,-8.689503327E-2,-5.594244053E0,5.594918894E0
5.219414458E0,6.506854668E-3,7.612270787E-2,-5.921657140E0,5.922149972E0
5.229394458E0,2.825952016E-2,1.935258812E-1,-6.054444484E0,6.057602568E0
5.239374458E0,-3.550451271E-2,3.033449234E-1,-6.109166236E0,6.116795796E0
5.249354458E0,-8.968770001E-2,3.841243538E-1,-6.195819048E0,6.208362834E0
5.259334458E0,-1.666316859E-1,4.236374983E-1,-6.268667169E0,6.285174853E0
5.269313458E0,-1.567873501E-1,4.284816241E-1,-6.129784103E0,6.146741570E0
5.279293458E0,-1.063477970E-1,3.948604265E-1,-5.732518424E0,5.747085531E0
5.289273458E0,-3.695599264E-2,3.220772097E-1,-5.193373566E0,5.203482341E0
5.299253458E0,4.545669302E-2,2.387073165E-1,-4.633821926E0,4.640188911E0
5.309232458E0,4.060079969E-2,1.462397406E-1,-4.128442399E0,4.131231188E0
5.319212458E0,2.286389228E-3,6.502425402E-2,-3.545056922E0,3.545653954E0
5.329192458E0,-1.786095975E-2,-3.628986686E-2,-2.795302373E0,2.795594986E0
5.339172458E0,2.882333793E-2,-1.434207979E-1,-1.903189173E0,1.908803116E0
5.349151458E0,1.087463705E-1,-2.348943472E-1,-9.920011854E-1,1.025215821E0
5.359131458E0,1.431945837E-1,-2.978644744E-1,-9.958100617E-2,3.451728707E-1
5.369111458E0,8.400661837E-2,-3.315488219E-1,7.332852817E-1,8.091285668E-1
5.379091458E0,-1.465988327E-2,-3.556229782E-1,1.528888434E0,1.569771467E0
5.389070458E0,-8.944553392E-2,-3.509767807E-1,2.337437321E0,2.365332626E0
5.399050458E0,-1.103940428E-1,-3.393390673E-1,3.147043385E0,3.167210115E0
5.409030458E0,-6.519828178E-2,-3.123132366E-1,3.920234159E0,3.933195423E0
5.419010458E0,6.691014552E-3,-2.844132471E-1,4.597848101E0,4.606641165E0
5.428990458E0,5.587341635E-2,-2.751296228E-1,5.151723264E0,5.159367281E0
5.438969458E0,6.523439747E-2,-2.355971825E-1,5.636892475E0,5.642190916E0
5.448949458E0,6.495098110E-2,-1.964617682E-1,5.972095807E0,5.975679391E0
5.458929458E0,3.494354546E-2,-1.822436786E-1,6.188925766E0,6.191707030E0
5.468909458E0,1.443655618E-2,-2.111295086E-1,6.275660439E0,6.279227503E0
5.478888458E0,3.498845939E-3,-2.499667150E-1,6.246738356E0,6.251738614E0
5.488868458E0,1.149949062E-2,-2.880250722E-1,6.121538360E0,6.128321350E0
5.498848458E0,4.364483275E-2,-3.683465195E-1,5.876091542E0,5.887787007E0
5.508828458E0,7.224138094E-2,-4.732888377E-1,5.463672804E0,5.484609526E0
5.518807458E0,8.527151730E-2,-6.047927177E-1,4.910753660E0,4.948590403E0
5.528787458E0,4.856474396E-2,-7.033957770E-1,4.344486492E0,4.401327872E0
5.538767458E0,-8.159095086E-3,-7.791540572E-1,3.708408247E0,3.789385088E0
5.548747458E0,-4.057200216E-2,-8.678317603E-1,2.910018897E0,3.036937278E0
5.558726458E0,-3.790126814E-2,-9.406298876E-1,2.027193414E0,2.235113919E0
5.568706458E0,-2.041683253E-2,-9.721802938E-1,1.221468732E0,1.561261424E0
5.578686458E0,2.891178620E-2,-9.722802812E-1,4.820877278E-1,1.085621211E0
5.588666458E0,6.125130158E-2,-9.471808156E-1,-3.045978355E-1,9.968365267E-1
5.598646458E0,1.515583679E-2,-9.042701465E-1,-1.164700454E0,1.474605488E0
5.608625458E0,-4.672374811E-2,-7.833769163E-1,-2.047543479E0,2.192782889E0
5.618605458E0,-5.845117964E-2,-6.371088168E-1,-2.824572365E0,2.896123829E0
5.628585458E0,-5.507786611E-2,-4.956059057E-1,-3.440202312E0,3.476154590E0
5.638565458E0,-2.841591490E-3,-3.455730763E-1,-4.015694633E0,4.030537459E0
5.648544458E0,2.474859606E-2,-2.066359234E-1,-4.552406464E0,4.557160905E0
5.658524458E0,5.576544385E-3,-5.267639637E-2,-4.994303940E0,4.994584842E0
5.668504458E0,1.190926166E-2,8.436742812E-2,-5.412534810E0,5.413205406E0
5.678484500E0,-1.159775125E-2,2.033851638E-1,-5.739235706E0,5.742850034E0
5.688463500E0,1.914274251E-2,2.901572594E-1,-5.920078391E0,5.927215690E0
5.698443500E0,6.339269813E-2,3.471760905E-1,-5.888347306E0,5.898913787E0
5.708423500E0,5.125568742E-2,3.962468013E-1,-5.759450115E0,5.773292328E0
5.718403500E0,1.106340710E-2,4.138991068E-1,-5.667305013E0,5.682409786E0
5.728382500E0,-8.021078870E-2,4.025930768E-1,-5.517758964E0,5.533008128E0
5.738362500E0,-7.293241220E-2,3.540424758E-1,-5.185321950E0,5.197906207E0
5.748342500E0,-6.951677945E-2,3.140893283E-1,-4.630150459E0,4.641312095E0
5.758322500E0,-3.746588811E-2,2.202713379E-1,-4.001951922E0,4.008184419E0
5.768302500E0,-5.542721897E-3,1.094262555E-1,-3.399030898E0,3.400796358E0
5.778281500E0,-2.030946303E-2,2.961322367E-2,-2.753395963E0,2.753630104E0
5.788261500E0,-4.743312500E-2,-4.653886646E-2,-2.038579697E0,2.039662459E0
5.798241500E0,-5.653177628E-2,-1.302022898E-1,-1.274377263E0,1.282258120E0
5.808221500E0,-1.281129518E-2,-2.074440086E-1,-4.475564110E-1,4.934611302E-1
5.818200500E0,8.473162743E-2,-2.783599171E-1,4.337300849E-1,5.222886929E-1
5.828180500E0,1.355386964E-1,-3.016455764E-1,1.303380037E0,1.344678516E0
5.838160500E0,1.056392332E-1,-3.065119216E-1,2.099544522E0,2.124428489E0
5.848140500E0,6.714847438E-2,-2.889173573E-1,2.782125088E0,2.797892450E0
5.858119500E0,2.257427238E-2,-2.735967752E-1,3.417626213E0,3.428634382E0
5.868099500E0,-3.689516332E-2,-2.365859467E-1,4.107128713E0,4.114102627E0
5.878079500E0,-3.219949284E-2,-1.940807819E-1,4.712331321E0,4.716436222E0
5.888059500E0,1.341546787E-2,-1.741113710E-1,5.161850642E0,5.164803655E0
5.898039500E0,3.011306925E-2,-1.739628518E-1,5.500707314E0,5.503539845E0
5.908018500E0,9.852010198E-3,-1.759836495E-1,5.782267120E0,5.784952926E0
5.917998500E0,-1.221998636E-2,-1.701551449E-1,5.920992311E0,5.923449337E0
5.927978500E0,-2.648373904E-2,-1.860478771E-1,5.904951060E0,5.907940607E0
5.937958500E0,-4.388200130E-2,-2.452673078E-1,5.760662243E0,5.766048140E0
5.947937500E0,-2.092564079E-2,-3.288555944E-1,5.511131730E0,5.520974265E0
5.957917500E0,4.830340996E-2,-3.985099661E-1,5.224470813E0,5.239870103E0
5.967897500E0,9.241686964E-2,-4.730733678E-1,4.843941035E0,4.867864423E0
5.977877500E0,1.171192453E-1,-5.718433651E-1,4.327793861E0,4.366980817E0
5.987856500E0,1.109782710E-1,-6.751239046E-1,3.642481475E0,3.706181291E0
5.997836500E0,4.675342273E-2,-7.250655583E-1,2.951407244E0,3.039524743E0
6.007816500E0,-4.455148922E-2,-7.684366956E-1,2.215895342E0,2.345777474E0
6.017796500E0,-6.173506731E-2,-8.019383177E-1,1.412960951E0,1.625845913E0
6.027775500E0,-3.379784751E-2,-8.262940174E-1,5.915212923E-1,1.016760314E0
6.037755500E0,-1.697611157E-2,-8.164566618E-1,-1.408740431E-1,8.286948564E-1
6.047735500E0,5.664360428E-2,-7.640121076E-1,-8.501278532E-1,1.144395196E0
6.057715500E0,5.313448917E-2,-6.933736494E-1,-1.584215958E0,1.730124415E0
6.067695500E0,-1.362017523E-2,-5.906719843E-1,-2.363214186E0,2.435951599E0
6.077674500E0,-2.767655276E-2,-4.650021636E-1,-3.120253197E0,3.154833279E0
6.087654500E0,-8.355232626E-3,-3.335590947E-1,-3.717097794E0,3.732043340E0
6.097634500E0,7.544726310E-3,-1.962541920E-1,-4.148002505E0,4.152649445E0
6.107614500E0,5.093980987E-2,-6.421426848E-2,-4.567002284E0,4.567737755E0
6.117593500E0,4.912629593E-3,6.541718692E-2,-4.946045700E0,4.946480729E0
6.127573500E0,-3.341005834E-2,1.844232282E-1,-5.275252712E0,5.278581186E0
6.137553500E0,-4.611010110E-2,2.774600306E-1,-5.516218808E0,5.523384845E0
6.147533500E0,-5.622934733E-2,3.452200507E-1,-5.607638270E0,5.618535894E0
6.157512500E0,-6.966756452E-3,3.854610273E-1,-5.533677424E0,5.547090641E0
6.167492500E0,1.840566443E-2,3.855412804E-1,-5.340250946E0,5.354181638E0
6.177472500E0,3.097708672E-2,3.775759108E-1,-5.148627748E0,5.162546934E0
6.187452500E0,-9.554386921E-3,3.490153322E-1,-4.915214501E0,4.927599474E0
6.197431500E0,-4.599585199E-2,2.972692278E-1,-4.563087573E0,4.572991670E0
6.207411500E0,-2.407077586E-2,2.256151083E-1,-4.032438135E0,4.038816521E0
6.217391500E0,-4.577474501E-3,1.556172127E-1,-3.370812820E0,3.374406131E0
6.227371500E0,1.709186817E-2,7.268264472E-2,-2.717264848E0,2.718290484E0
6.237350500E0,1.237069834E-3,-9.253218770E-4,-2.072791756E0,2.072792331E0
6.247330500E0,-4.804949462E-2,-6.042863488E-2,-1.388406739E0,1.390551562E0
6.257310500E0,-6.795343498E-2,-9.844518453E-2,-6.480872566E-1,6.590343055E-1
6.267290500E0,-4.258826829E-2,-1.452924916E-1,1.407015502E-1,2.066896102E-1
6.277270500E0,1.374567110E-2,-1.888045469E-1,9.400580299E-1,9.589291944E-1
6.287249500E0,7.322280868E-2,-2.114429194E-1,1.745269327E0,1.759555259E0
6.297229500E0,8.670077780E-2,-1.923649165E-1,2.485306388E0,2.494247207E0
6.307209500E0,5.509635793E-2,-1.676174533E-1,3.138721043E0,3.143676352E0
6.317189500E0,9.018325154E-3,-1.446814576E-1,3.688432404E0,3.691279948E0
6.327168500E0,-6.097330302E-3,-1.325581330E-1,4.220832499E0,4.222917928E0
6.337148500E0,-2.369265287E-2,-1.151164734E-1,4.723525230E0,4.724987169E0
6.347128500E0,-8.829743313E-3,-8.030682921E-2,5.148282763E0,5.148916639E0
6.357108500E0,3.550240223E-2,-8.314448297E-2,5.402911463E0,5.403667801E0
6.367087500E0,5.738169649E-2,-1.151322609E-1,5.521685370E0,5.523183631E0
6.377067500E0,3.801357122E-2,-1.407243544E-1,5.586208225E0,5.588109762E0
6.387047500E0,2.008441832E-2,-1.702785212E-1,5.534044629E0,5.536700111E0
6.397027500E0,-7.952907644E-3,-2.234501767E-1,5.329149422E0,5.333837905E0
6.407007500E0,-3.432333861E-2,-3.207303035E-1,5.001126471E0,5.011517934E0
6.416986500E0,-4.093235509E-2,-4.159370077E-1,4.600546591E0,4.619492178E0
6.426966500E0,-8.734461106E-4,-4.990791517E-1,4.134739265E0,4.164750840E0
6.436946500E0,6.081829699E-2,-5.843283400E-1,3.603323257E0,3.650900843E0
6.446926500E0,8.986985905E-2,-6.741135058E-1,2.997020203E0,3.073212604E0
6.456905500E0,1.234748581E-1,-7.351718858E-1,2.316336474E0,2.433338941E0
6.466885500E0,1.314870876E-1,-7.774370223E-1,1.594868415E0,1.779129686E0
6.476865500E0,7.905768123E-2,-7.775411028E-1,8.789557958E-1,1.176173276E0
6.486845500E0,2.844129547E-2,-7.603549665E-1,1.079583120E-1,7.685073712E-1
6.496824500E0,1.600662494E-2,-7.253886169E-1,-6.776653969E-1,9.928117887E-1
6.506804500E0,6.646822393E-3,-6.478030819E-1,-1.350940704E0,1.498243572E0
6.516784500E0,-2.956226153E-2,-5.406703967E-1,-1.972520778E0,2.045491781E0
6.526764500E0,-5.960549310E-2,-4.315669075E-1,-2.635151814E0,2.670922667E0
6.536743500E0,-1.093648780E-1,-3.171497610E-1,-3.276579677E0,3.293709008E0
6.546723500E0,-1.450180014E-1,-1.773194459E-1,-3.842410643E0,3.849232645E0
6.556703500E0,-1.013762293E-1,-4.002097517E-2,-4.287837498E0,4.289222450E0
6.566683500E0,-3.300550411E-2,7.522501409E-2,-4.610745304E0,4.611477033E0
6.576662500E0,4.249677764E-2,1.749315892E-1,-4.868337958E0,4.871665168E0
6.586642500E0,7.080387952E-2,2.592091164E-1,-5.069949369E0,5.077065014E0
6.596622500E0,3.413078249E-2,3.502892943E-1,-5.210462054E0,5.222334949E0
6.606602500E0,1.734770212E-2,3.951185811E-1,-5.287157643E0,5.301929420E0
6.616582500E0,5.211860854E-3,4.168395254E-1,-5.230986950E0,5.247571517E0
6.626561500E0,6.066148197E-3,4.250874616E-1,-5.011246247E0,5.029246971E0
6.636541500E0,2.062296515E-2,4.021098045E-1,-4.658612366E0,4.675979766E0
6.646521500E0,1.553528454E-2,3.596938097E-1,-4.304152983E0,4.319184401E0
6.656501500E0,-1.841607979E-2,2.987225533E-1,-3.949774293E0,3.961097232E0
6.666480500E0,-5.509451240E-2,2.314985767E-1,-3.465573381E0,3.473733705E0
6.676461083E0,-5.685684493E-2,1.549383509E-1,-2.855680137E0,2.860445357E0
6.686441083E0,3.811598886E-3,7.825591832E-2,-2.176263499E0,2.177673377E0
6.696421083E0,4.609619569E-2,-8.438116908E-3,-1.464071463E0,1.464821256E0
6.706400083E0,5.043457389E-2,-5.813506454E-2,-7.596837062E-1,7.635723053E-1
6.716380083E0,3.973639850E-2,-1.048698127E-1,-4.732034683E-2,1.217204757E-1
6.726360083E0,1.308281612E-2,-1.334448633E-1,6.566978663E-1,6.702468047E-1
6.736340083E0,-1.630488776E-2,-1.462099198E-1,1.366151066E0,1.374049463E0
6.746319083E0,-1.575481094E-2,-1.554523212E-1,2.078092257E0,2.083958029E0
6.756299083E0,4.188579842E-3,-1.329516506E-1,2.765006195E0,2.768203920E0
6.766279083E0,6.611812189E-3,-1.223100105E-1,3.402260315E0,3.404464525E0
6.776259083E0,-1.184528947E-2,-9.768621594E-2,3.925894264E0,3.927127281E0
6.786239083E0,-4.194653638E-2,-7.876959622E-2,4.339078987E0,4.339996615E0
6.796218083E0,-6.108783536E-2,-7.147460997E-2,4.703137743E0,4.704077484E0
6.806198083E0,-5.412407560E-2,-5.597364128E-2,5.006467903E0,5.007073329E0
6.816178083E0,-2.081700135E-3,-7.884034753E-2,5.185334229E0,5.185933976E0
6.826158083E0,7.299421909E-2,-1.367447394E-1,5.265453948E0,5.267735050E0
6.836137083E0,1.298688615E-1,-1.749101007E-1,5.261934509E0,5.266442275E0
6.846117083E0,1.500455744E-1,-2.244354326E-1,5.158154032E0,5.165214222E0
6.856097083E0,1.135795511E-1,-2.772621024E-1,4.941079659E0,4.950155835E0
6.866077083E0,3.323482459E-2,-3.427748913E-1,4.557298830E0,4.570292310E0
6.876056083E0,-5.255382411E-2,-4.161542317E-1,4.070083094E0,4.091640580E0
6.886036083E0,-1.137230637E-1,-4.783200744E-1,3.549721831E0,3.583608252E0
6.896016083E0,-9.187466830E-2,-5.373398226E-1,2.992324305E0,3.041575214E0
6.905996083E0,1.785246301E-3,-6.151750338E-1,2.375850019E0,2.454201871E0
6.915975083E0,9.653862678E-2,-6.757173970E-1,1.751324703E0,1.879641435E0
6.925955083E0,1.427526804E-1,-6.968705767E-1,1.107682500E0,1.316422215E0
6.935935083E0,1.118733884E-1,-6.876635510E-1,4.069755650E-1,8.068617755E-1
6.945915083E0,7.649583332E-3,-6.493800759E-1,-3.809987247E-1,7.529362705E-1
6.955894083E0,-7.305061731E-2,-5.837544358E-1,-1.162966170E0,1.303301940E0
6.965874083E0,-6.878551204E-2,-4.874487475E-1,-1.842417891E0,1.907050449E0
6.975854083E0,-9.055107795E-3,-3.887778604E-1,-2.396072030E0,2.427424848E0
6.985834083E0,5.035115970E-2,-2.796901587E-1,-2.877162808E0,2.891163718E0
6.995814083E0,6.579314461E-2,-1.819934177E-1,-3.386824835E0,3.392349157E0
7.005793083E0,-2.260032903E-2,-4.744840086E-2,-3.888449864E0,3.888805019E0
7.015773083E0,-1.035370313E-1,8.005115971E-2,-4.379152880E0,4.381108085E0
7.025753083E0,-8.679665387E-2,1.880984956E-1,-4.742945588E0,4.747467488E0
7.035733083E0,-3.167086800E-2,2.651244521E-1,-4.879174018E0,4.886474508E0
7.045712083E0,3.476393544E-2,3.239872026E-1,-4.877587084E0,4.888459062E0
7.055692083E0,3.333336845E-2,3.784319432E-1,-4.889442313E0,4.904178625E0
7.065672083E0,-2.005138155E-3,4.029311921E-1,-4.952609784E0,4.968973862E0
7.075652083E0,-2.768033518E-2,4.183983931E-1,-4.941180232E0,4.958939957E0
7.085631083E0,-4.083753884E-2,3.903320503E-1,-4.699276242E0,4.715636120E0
7.095611083E0,-1.445084531E-3,3.546821612E-1,-4.246871320E0,4.261656665E0
7.105591083E0,5.389174014E-2,2.887366784E-1,-3.759908769E0,3.771364095E0
7.115571083E0,6.814047279E-2,2.340944481E-1,-3.313791357E0,3.322748334E0
7.125550083E0,5.373043008E-4,1.748112828E-1,-2.861786385E0,2.867120609E0
7.135530083E0,-7.417185746E-2,1.244883907E-1,-2.324732491E0,2.329244508E0
7.145510083E0,-8.598867830E-2,5.917674601E-2,-1.679501599E0,1.682742274E0
7.155490083E0,-2.854094482E-2,-1.263086289E-2,-9.483563983E-1,9.488698449E-1
7.165470083E0,4.744003203E-2,-6.199188799E-2,-1.864700460E-1,2.021500158E-1
7.175449083E0,8.173878492E-2,-9.496404469E-2,5.343437093E-1,5.488374973E-1
7.185429083E0,6.061430225E-2,-1.071163130E-1,1.176091999E0,1.182514435E0
7.195409083E0,8.439560439E-3,-1.084702358E-1,1.784778378E0,1.788091406E0
7.205389083E0,-3.411208967E-2,-1.008641776E-1,2.408402054E0,2.410754585E0
7.215368083E0,-6.269658711E-3,-9.726170808E-2,3.012360374E0,3.013936657E0
7.225348083E0,3.841366695E-2,-7.940401912E-2,3.587064489E0,3.588148862E0
7.235328083E0,7.601345630E-2,-7.075394064E-2,4.072472266E0,4.073796083E0
7.245308083E0,1.007897992E-1,-6.523738503E-2,4.443794433E0,4.445416006E0
7.255287083E0,6.528500330E-2,-4.807171404E-2,4.719716939E0,4.720413224E0
7.265267083E0,-2.003062394E-2,-4.444702506E-2,4.918732186E0,4.918973783E0
7.275247083E0,-7.285305452E-2,-4.882132709E-2,4.978572006E0,4.979344366E0
7.285227083E0,-8.818127453E-2,-9.116043091E-2,4.935050011E0,4.936679529E0
7.295206083E0,-7.368053603E-2,-1.391508687E-1,4.847226586E0,4.849783228E0
7.305186083E0,3.963754401E-3,-1.987676176E-1,4.689848192E0,4.694060112E0
7.315166083E0,1.076062457E-1,-2.738625312E-1,4.423422734E0,4.433198448E0
7.325146083E0,1.497288838E-1,-3.659745964E-1,4.064116595E0,4.083307463E0
7.335125083E0,1.374432076E-1,-4.372936705E-1,3.611161450E0,3.640137828E0
7.345105083E0,7.681753982E-2,-4.987183785E-1,3.059029925E0,3.100368533E0
7.355085083E0,-2.243178304E-2,-5.420149639E-1,2.435209783E0,2.494900819E0
7.365065083E0,-8.057963837E-2,-5.694208637E-1,1.763803246E0,1.855191389E0
7.375045083E0,-5.065709699E-2,-6.026932749E-1,1.079763799E0,1.237616737E0
7.385024083E0,5.032179572E-2,-6.154858133E-1,4.671866834E-1,7.743503514E-1
7.395004083E0,1.389691482E-1,-6.046965310E-1,-1.016877580E-1,6.287374006E-1
7.404984083E0,1.318896135E-1,-5.645869705E-1,-7.321520913E-1,9.339164856E-1
7.414964083E0,4.376089085E-2,-4.927828699E-1,-1.433858900E0,1.516806289E0
7.424943083E0,-5.455687920E-2,-3.917710501E-1,-2.162226089E0,2.198108884E0
7.434923083E0,-1.182884235E-1,-2.670964256E-1,-2.766086175E0,2.781468206E0
7.444903083E0,-8.216615243E-2,-1.674566549E-1,-3.237879295E0,3.243247653E0
7.454883083E0,-1.365379672E-3,-5.768804491E-2,-3.595321342E0,3.595784383E0
7.464862083E0,-7.915065195E-3,6.234038204E-2,-3.890766531E0,3.891273978E0
7.474842083E0,-5.195525195E-2,1.753274457E-1,-4.247557783E0,4.251492230E0
7.484822083E0,-1.179570508E-1,2.850763214E-1,-4.603981245E0,4.614306631E0
7.494802083E0,-1.362222724E-1,3.577459560E-1,-4.824882621E0,4.840044522E0
7.504781083E0,-3.461981985E-2,4.072883910E-1,-4.833341787E0,4.850595345E0
7.514761083E0,4.166082680E-2,4.263466595E-1,-4.633778656E0,4.653537550E0
7.524741083E0,7.238703143E-2,4.397021386E-1,-4.460209907E0,4.482415673E0
7.534721083E0,5.247565415E-2,4.323624212E-1,-4.369485093E0,4.391137773E0
7.544700083E0,-1.755962715E-2,4.163278940E-1,-4.233237367E0,4.253696729E0
7.554680083E0,-2.363528620E-2,3.654813838E-1,-3.905483973E0,3.922619065E0
7.564660083E0,2.114228927E-2,2.986088249E-1,-3.351401818E0,3.364744919E0
7.574640083E0,8.973569286E-2,2.192869592E-1,-2.741474660E0,2.751694492E0
7.584620083E0,1.330402268E-1,1.555859300E-1,-2.173917596E0,2.183534840E0
7.594599083E0,6.444521522E-2,1.016284087E-1,-1.638341294E0,1.642754916E0
7.604579083E0,-5.202834215E-2,6.424832851E-2,-1.100096322E0,1.103198402E0
7.614559083E0,-1.089120843E-1,1.210578293E-2,-4.934003359E-1,5.054228760E-1
7.624539083E0,-9.231333738E-2,-2.929952055E-2,2.195886755E-1,2.399987512E-1
7.634518083E0,-1.517894243E-2,-5.898027956E-2,9.454994488E-1,9.474588547E-1
7.644498083E0,7.131945776E-2,-8.790440887E-2,1.638702652E0,1.642607692E0
7.654478083E0,6.750614125E-2,-9.057044685E-2,2.239219301E0,2.242066717E0
7.664458083E0,3.287260786E-2,-9.182964474E-2,2.752588463E0,2.754315984E0
7.674436750E0,-1.270015240E-2,-7.761360168E-2,3.213619782E0,3.214581974E0
7.684416750E0,-2.790221874E-2,-6.117678612E-2,3.659582827E0,3.660200486E0
7.694396750E0,3.334009275E-3,-5.318276525E-2,4.072086350E0,4.072434992E0
7.704376750E0,4.776754006E-2,-4.509606600E-2,4.412887806E0,4.413376732E0
7.714355750E0,8.480543026E-2,-5.386747420E-2,4.648508377E0,4.649593939E0
7.724335750E0,8.970624665E-2,-6.626474082E-2,4.776534333E0,4.777836170E0
7.734315750E0,3.182189975E-2,-6.424979031E-2,4.784160272E0,4.784697501E0
7.744295750E0,-3.920590986E-2,-9.483365178E-2,4.684237204E0,4.685361107E0
7.754274750E0,-8.766206006E-2,-1.374984455E-1,4.484513859E0,4.487477577E0
7.764254750E0,-7.387311956E-2,-1.970701709E-1,4.224042621E0,4.229282439E0
7.774234750E0,-2.914355521E-2,-2.686590940E-1,3.920607212E0,3.929909409E0
7.784214750E0,5.889406968E-2,-3.535869777E-1,3.550021793E0,3.568073289E0
7.794193750E0,1.400599188E-1,-4.227066216E-1,3.096308264E0,3.128166002E0
7.804173750E0,1.499269582E-1,-4.813360682E-1,2.562275042E0,2.611401136E0
7.814153750E0,8.331566021E-2,-5.120342427E-1,1.966551356E0,2.033825164E0
7.824133750E0,-4.676237628E-3,-5.162860456E-1,1.318112682E0,1.415625017E0
7.834113750E0,-7.368471131E-2,-5.089659163E-1,6.482702744E-1,8.274841928E-1
7.844092750E0,-7.200168164E-2,-4.973045218E-1,-5.157244205E-3,5.025162950E-1
7.854072750E0,-1.157957006E-2,-4.749710816E-1,-6.104919988E-1,7.735839291E-1
7.864052750E0,4.879804786E-2,-4.341905531E-1,-1.154345620E0,1.234267595E0
7.874032750E0,6.168936767E-2,-3.766510275E-1,-1.712343655E0,1.754363807E0
7.884011750E0,1.946963841E-2,-2.920783621E-1,-2.314346082E0,2.332785164E0
7.893991750E0,-3.121512322E-2,-1.873129222E-1,-2.893788781E0,2.900012762E0
7.903971750E0,-4.264677700E-2,-8.076028079E-2,-3.389039760E0,3.390270117E0
7.913951750E0,1.985933706E-3,7.170732915E-3,-3.722936239E0,3.722943675E0
7.923930750E0,6.058883032E-2,1.046160436E-1,-3.955254888E0,3.957102065E0
7.933910750E0,5.340188965E-2,1.867632839E-1,-4.167349187E0,4.171873864E0
7.943890750E0,-1.133088067E-2,2.775984634E-1,-4.401854694E0,4.410613795E0
7.953870750E0,-6.719179859E-2,3.561688158E-1,-4.586693952E0,4.600992542E0
7.963849750E0,-8.804777529E-2,4.041341105E-1,-4.637110984E0,4.655520924E0
7.973829750E0,-6.796476396E-2,4.301492500E-1,-4.481155218E0,4.502266060E0
7.983809750E0,-1.660015387E-2,4.212769774E-1,-4.237249142E0,4.258172160E0
7.993789750E0,4.782656953E-3,4.136975241E-1,-3.959422199E0,3.980978857E0
8.003768750E0,-5.217817705E-3,3.895745435E-1,-3.708611730E0,3.729020852E0
8.013748750E0,-5.392590981E-2,3.519076574E-1,-3.390074133E0,3.408716713E0
8.023728750E0,-5.483699737E-2,2.989845085E-1,-2.952989500E0,2.968593239E0
8.033708750E0,7.271597385E-3,2.218275744E-1,-2.374965336E0,2.385313542E0
8.043688750E0,6.831473809E-2,1.413748571E-1,-1.749586326E0,1.756617791E0
8.053667750E0,7.900943256E-2,8.092400283E-2,-1.157915345E0,1.163425602E0
8.063647750E0,5.612097284E-2,3.924329549E-2,-5.763992232E-1,5.804529820E-1
8.073627750E0,-9.947502539E-3,7.450522184E-3,4.233384132E-4,1.243552584E-2
8.083607750E0,-4.480288295E-2,-3.078851402E-2,6.345129454E-1,6.368374273E-1
8.093586750E0,-1.482228968E-2,-5.135317147E-2,1.254662790E0,1.255800767E0
8.103566750E0,3.010205090E-2,-5.057052165E-2,1.905997006E0,1.906905372E0
8.113546750E0,7.269183582E-2,-5.421421409E-2,2.491542444E0,2.493192137E0
8.123526750E0,7.474835638E-2,-4.723848581E-2,2.997077506E0,2.998381625E0
8.133505750E0,3.437477583E-2,-3.372410864E-2,3.425483701E0,3.425822168E0
8.143485750E0,9.125658106E-3,-1.795913815E-2,3.789324356E0,3.789377902E0
8.153465750E0,-1.114663856E-2,-1.123893321E-2,4.071428538E0,4.071459309E0
8.163445750E0,-6.256182706E-3,-1.948935449E-2,4.308733692E0,4.308782311E0
8.173424750E0,3.743688958E-2,-2.827567309E-2,4.485062327E0,4.485307695E0
8.183404750E0,8.090918379E-2,-5.740737855E-2,4.554369375E0,4.555449737E0
8.193384750E0,9.062964077E-2,-8.661422074E-2,4.518478580E0,4.520217299E0
8.203364750E0,6.389065250E-2,-1.223848549E-1,4.373048387E0,4.375227109E0
8.213343750E0,1.130480574E-2,-1.599809897E-1,4.143743978E0,4.146846497E0
8.223323750E0,-5.507463187E-2,-1.856602067E-1,3.830770590E0,3.835662426E0
8.233303750E0,-9.312312193E-2,-2.521103042E-1,3.442866304E0,3.453340399E0
8.243283750E0,-8.222751165E-2,-3.107812661E-1,2.968560635E0,2.985916711E0
8.253262750E0,-4.122600409E-2,-3.720258799E-1,2.486917881E0,2.514928107E0
8.263242750E0,2.116123790E-2,-4.258214334E-1,1.983359177E0,2.028665896E0
8.273222750E0,8.255518413E-2,-4.632070684E-1,1.437557849E0,1.512596680E0
8.283202750E0,9.315838795E-2,-5.039899358E-1,8.215981185E-1,9.683531427E-1
8.293182750E0,6.698665269E-2,-4.734744868E-1,1.758251899E-1,5.094897434E-1
8.303161750E0,4.340183526E-2,-4.519099554E-1,-4.555910701E-1,6.431714781E-1
8.313141750E0,2.908954156E-2,-4.083911759E-1,-1.043103511E0,1.120577748E0
8.323121750E0,2.122727489E-2,-3.356240389E-1,-1.596410910E0,1.631447789E0
8.333101750E0,2.569936247E-2,-2.560671151E-1,-2.107828272E0,2.123480833E0
8.343080750E0,-9.830576498E-3,-1.776945448E-1,-2.595690710E0,2.601784436E0
8.353060750E0,-5.897260509E-2,-6.335282743E-2,-3.046327434E0,3.047556757E0
8.363040750E0,-6.767276863E-2,3.826417923E-2,-3.472821590E0,3.473691631E0
8.373020750E0,-4.955445830E-2,1.350437844E-1,-3.808415515E0,3.811131224E0
8.382999750E0,-7.662940565E-3,2.204023156E-1,-4.002133770E0,4.008205411E0
8.392979750E0,2.530059149E-2,2.805002904E-1,-4.110078049E0,4.119716264E0
8.402959750E0,2.207992684E-2,3.482622108E-1,-4.204099522E0,4.218557441E0
8.412939750E0,-9.161161669E-3,3.944052207E-1,-4.291775597E0,4.309869741E0
8.422918750E0,-4.464888191E-2,4.369136015E-1,-4.275273585E0,4.297772824E0
8.432898750E0,-3.840646757E-2,4.366677260E-1,-4.123571668E0,4.146805646E0
8.442878750E0,-1.149105784E-3,4.180659789E-1,-3.848901637E0,3.871540300E0
8.452858750E0,3.125859361E-2,3.844599840E-1,-3.526552824E0,3.547585291E0
8.462837750E0,4.492962135E-2,3.519857177E-1,-3.179801826E0,3.199539384E0
8.472817750E0,1.934321065E-2,2.946666321E-1,-2.787505111E0,2.803103160E0
8.482797750E0,-2.238220048E-2,2.487358761E-1,-2.350811657E0,2.364040175E0
8.492777750E0,-3.095803759E-2,1.850851330E-1,-1.835852053E0,1.845418019E0
8.502756750E0,-1.593062941E-2,1.233367816E-1,-1.229534966E0,1.235808229E0
8.512736750E0,2.338891743E-2,7.025868148E-2,-6.160614717E-1,6.204958184E-1
8.522716750E0,4.011162529E-2,2.440043092E-2,-2.692175031E-2,5.412119873E-2
8.532696750E0,2.125775350E-2,-4.915754199E-3,5.368708760E-1,5.373140554E-1
8.542676750E0,6.756092235E-4,-2.931998581E-2,1.098325785E0,1.098717274E0
8.552655750E0,-7.388760969E-3,-2.469834656E-2,1.680988546E0,1.681186216E0
8.562635750E0,-1.636161488E-2,-1.745773941E-2,2.239076629E0,2.239204462E0
8.572615750E0,-1.896608351E-3,-2.259627253E-2,2.730347993E0,2.730442153E0
8.582595750E0,1.925303562E-2,-9.499094188E-3,3.159725411E0,3.159798346E0
8.592574750E0,2.648271577E-2,-3.511252999E-4,3.548080518E0,3.548179367E0
8.602554750E0,3.115729060E-2,1.317494631E-2,3.855168098E0,3.855316513E0
8.612534750E0,2.579713888E-2,1.262326151E-2,4.075825059E0,4.075926245E0
8.622514750E0,2.096163771E-2,3.383491337E-3,4.218236336E0,4.218289774E0
8.632493750E0,2.006350539E-2,-1.435666859E-2,4.267351193E0,4.267422508E0
8.642473750E0,2.617981173E-2,-3.006901413E-2,4.257781640E0,4.257968297E0
8.652453750E0,2.474625718E-2,-6.522627532E-2,4.164315067E0,4.164899377E0
8.662433750E0,1.360910207E-2,-1.020420992E-1,3.961161160E0,3.962498648E0
8.672412250E0,1.131435315E-2,-1.607227090E-1,3.675016553E0,3.678546787E0
8.682392250E0,1.614178699E-3,-2.070879132E-1,3.334395191E0,3.340820154E0
8.692372250E0,1.533742938E-3,-2.556510857E-1,2.937352876E0,2.948457520E0
8.702352250E0,1.801987611E-2,-3.182490376E-1,2.471921527E0,2.492389055E0
8.712331250E0,4.225382583E-2,-3.783329791E-1,1.945534708E0,1.982429452E0
8.722311250E0,4.670140078E-2,-4.125514698E-1,1.414254355E0,1.473938641E0
8.732291250E0,5.694924921E-2,-4.226200828E-1,8.730694038E-1,9.716486686E-1
8.742271250E0,4.589950997E-2,-4.129581437E-1,3.030424762E-1,5.142722390E-1
8.752250250E0,1.220006928E-2,-3.934532940E-1,-2.931308609E-1,4.907953116E-1
8.762230250E0,-2.319484469E-2,-3.546997029E-1,-8.761298364E-1,9.454910736E-1
8.772210250E0,-1.420213765E-2,-2.893588221E-1,-1.426034741E0,1.455165046E0
8.782190250E0,-5.327178910E-3,-2.211121675E-1,-1.918182018E0,1.930891303E0
8.792170250E0,6.462105196E-3,-1.515036964E-1,-2.376844046E0,2.381676458E0
8.802149250E0,1.160817574E-2,-8.004487395E-2,-2.814415167E0,2.815577146E0
8.812129250E0,-8.521951362E-3,2.134672254E-2,-3.195133225E0,3.195215898E0
8.822109250E0,-2.368217357E-2,1.055767411E-1,-3.524455428E0,3.526115902E0
8.832089250E0,-9.951020004E-3,1.809108058E-1,-3.774187084E0,3.778533564E0
8.842068250E0,-2.004666723E-2,2.527189994E-1,-3.942448901E0,3.950591361E0
8.852048250E0,-1.290651343E-2,3.131043649E-1,-4.024788807E0,4.036969886E0
8.862028250E0,-2.482610822E-2,3.693656892E-1,-4.043844298E0,4.060754124E0
8.872008250E0,-4.429076736E-2,4.045986718E-1,-4.027874383E0,4.048386568E0
8.881987250E0,-3.972753631E-2,4.067656499E-1,-3.929630050E0,3.950826357E0
8.891967250E0,-1.917628177E-2,4.067902082E-1,-3.733543088E0,3.755687686E0
8.901947250E0,-7.025539242E-3,3.865828156E-1,-3.425668473E0,3.447419342E0
8.911927250E0,2.935218204E-2,3.546137488E-1,-3.092801104E0,3.113202713E0
8.921906250E0,3.790055551E-2,3.255580571E-1,-2.712540298E0,2.732270003E0
8.931886250E0,2.518467044E-2,2.843828416E-1,-2.292469894E0,2.310178799E0
8.941866250E0,-2.854300048E-3,2.285144502E-1,-1.805838295E0,1.820241453E0
8.951846250E0,-6.520266719E-3,1.867337555E-1,-1.276482260E0,1.290084869E0
8.961825250E0,7.674552770E-3,1.506046870E-1,-7.284800398E-1,7.439246191E-1
8.971805250E0,2.574173651E-2,1.070590103E-1,-1.581794626E-1,1.927304103E-1
8.981785250E0,2.812061224E-2,6.718246132E-2,4.319414216E-1,4.380384043E-1
8.991765250E0,3.088386018E-2,6.008218735E-2,1.004406053E0,1.006675321E0
9.001744250E0,2.022144416E-2,4.255340427E-2,1.537639961E0,1.538361580E0
9.011724250E0,-1.172346639E-2,4.126935571E-2,2.012884693E0,2.013341845E0
9.021704250E0,-1.778860046E-2,3.409423739E-2,2.483409551E0,2.483707280E0
9.031684250E0,-2.659434278E-2,3.382438838E-2,2.922416164E0,2.922732896E0
9.041664250E0,-2.156249394E-2,4.547145724E-2,3.331657525E0,3.332037583E0
9.051643250E0,-6.947917454E-3,3.765723825E-2,3.626748957E0,3.626951108E0
9.061623250E0,3.105364870E-3,3.044615954E-2,3.825778822E0,3.825901228E0
9.071603250E0,3.225137774E-2,9.022546113E-3,3.967164497E0,3.967305849E0
9.081583250E0,5.802206710E-2,-1.453997880E-2,4.064389075E0,4.064829212E0
9.091562250E0,9.664297217E-2,-4.639122427E-2,4.090718502E0,4.092122906E0
9.101542250E0,1.219217371E-1,-1.011460134E-1,3.998421373E0,4.001558309E0
9.111522250E0,1.202745399E-1,-1.370850474E-1,3.834304647E0,3.838639134E0
9.121502250E0,7.360399232E-2,-1.840747342E-1,3.586948130E0,3.592422294E0
9.131481250E0,-4.050658643E-3,-2.220591241E-1,3.264327421E0,3.271874107E0
9.141461250E0,-5.364188131E-2,-2.691894364E-1,2.848417895E0,2.861612292E0
9.151441250E0,-8.102227259E-2,-3.143311107E-1,2.388257811E0,2.410216594E0
9.161421250E0,-6.685943920E-2,-3.488700289E-1,1.930236053E0,1.962649155E0
9.171400250E0,-5.959463920E-3,-3.698299581E-1,1.453640615E0,1.499960250E0
9.181380250E0,3.620461629E-2,-3.841690850E-1,9.469144750E-1,1.022518304E0
9.191360250E0,4.434602355E-2,-3.938120207E-1,3.946367705E-1,5.592786945E-1
9.201340250E0,3.123034425E-2,-3.656290260E-1,-1.853222376E-1,4.111012659E-1
9.211319250E0,-1.730848923E-3,-3.198383108E-1,-7.605730677E-1,8.250884390E-1
9.221299250E0,-2.336779436E-2,-2.602268243E-1,-1.314059976E0,1.339782697E0
9.231279250E0,1.195044799E-2,-1.928955513E-1,-1.807174383E0,1.817479232E0
9.241259250E0,5.073923210E-2,-1.226421323E-1,-2.220480144E0,2.224443218E0
9.251238250E0,5.219147947E-2,-3.516340077E-2,-2.567240497E0,2.568011719E0
9.261218250E0,3.071951687E-2,5.524946362E-2,-2.969724231E0,2.970396977E0
9.271198250E0,-1.742649335E-2,1.344947308E-1,-3.348167138E0,3.350912667E0
9.281178250E0,-5.317470705E-2,2.225733867E-1,-3.644757212E0,3.651933953E0
9.291157250E0,-3.335403470E-2,2.910480827E-1,-3.784502158E0,3.795823765E0
9.301137250E0,8.277154025E-3,3.388812304E-1,-3.835482861E0,3.850433453E0
9.311117250E0,2.579222356E-2,3.764384812E-1,-3.846850433E0,3.865311039E0
9.321097250E0,6.654898860E-3,4.029810396E-1,-3.841439420E0,3.862524411E0
9.331077250E0,-3.093721602E-2,4.262207982E-1,-3.788476510E0,3.812502531E0
9.341056250E0,-4.635477053E-2,4.284339693E-1,-3.645861751E0,3.671241253E0
9.351036250E0,-2.786088623E-2,4.029564813E-1,-3.385232638E0,3.409244809E0
9.361016250E0,1.292241968E-2,3.711341795E-1,-3.011298519E0,3.034110469E0
9.370996250E0,3.831903342E-2,3.328141594E-1,-2.602467633E0,2.623941957E0
9.380975250E0,1.972539928E-2,2.785537523E-1,-2.198489935E0,2.216154164E0
9.390955250E0,-2.548022892E-2,2.416069508E-1,-1.800855882E0,1.817169521E0
9.400935250E0,-7.495704716E-2,2.032249501E-1,-1.334234625E0,1.351702990E0
9.410915250E0,-6.164586073E-2,1.566825753E-1,-7.846437156E-1,8.025057022E-1
9.420894250E0,-1.535489794E-2,1.164601636E-1,-2.107126021E-1,2.412437425E-1
9.430874250E0,2.756980453E-2,8.082284600E-2,3.611883581E-1,3.711461391E-1
9.440854250E0,4.992438605E-2,4.959579080E-2,8.950824165E-1,8.978444850E-1
9.450834250E0,5.341901103E-2,2.651829243E-2,1.406205663E0,1.407469779E0
9.460813250E0,2.582868643E-2,1.973581463E-2,1.872815811E0,1.873097885E0
9.470793250E0,2.379855143E-2,6.333411634E-3,2.321691939E0,2.321822547E0
9.480773250E0,4.366919920E-2,9.647905827E-3,2.748127037E0,2.748490912E0
9.490753250E0,6.573255284E-2,1.843860984E-2,3.126363537E0,3.127108843E0
9.500732250E0,6.865869141E-2,2.507987738E-2,3.452743421E0,3.453517069E0
9.510712250E0,5.963704979E-2,1.423270762E-2,3.673630178E0,3.674141782E0
9.520692250E0,1.145315143E-2,1.155672938E-2,3.812665272E0,3.812699989E0
9.530672250E0,-5.275527896E-2,3.148725629E-3,3.869637617E0,3.869998492E0
9.540651250E0,-6.373742804E-2,-1.489051938E-2,3.845076388E0,3.845633448E0
9.550631250E0,-4.721133281E-2,-3.910208523E-2,3.779440223E0,3.779937338E0
9.560611250E0,-9.520308618E-3,-9.665359765E-2,3.660742915E0,3.662031027E0
9.570591250E0,6.398973539E-2,-1.430623636E-1,3.454378302E0,3.457931604E0
9.580570250E0,1.145588866E-1,-1.929858908E-1,3.162454306E0,3.170407629E0
9.590550250E0,9.486952079E-2,-2.201280811E-1,2.827329912E0,2.837472648E0
9.600530250E0,5.673873117E-2,-2.557390863E-1,2.408369309E0,2.422573940E0
9.610510250E0,2.603808984E-2,-2.867538875E-1,1.892032101E0,1.913815886E0
9.620490250E0,-3.898484856E-3,-2.935732028E-1,1.407827096E0,1.438115974E0
9.630469250E0,-1.002052878E-2,-3.043642393E-1,9.138870621E-1,9.632899685E-1
9.640449250E0,2.916218407E-2,-3.128666756E-1,4.114375752E-1,5.177034556E-1
9.650429250E0,3.057842539E-2,-2.905285576E-1,-9.168375671E-2,3.061826156E-1
9.660409250E0,-2.373066891E-2,-2.495790446E-1,-5.890754020E-1,6.402051807E-1
9.670388250E0,-5.683172017E-2,-2.018204489E-1,-1.146980467E0,1.165986934E0
9.680368833E0,-8.889341058E-2,-1.323564041E-1,-1.662976783E0,1.670602298E0
9.690348833E0,-8.412786587E-2,-7.559455812E-2,-2.116835323E0,2.119854669E0
9.700328833E0,2.657314662E-2,-3.132704258E-2,-2.491814924E0,2.492153513E0
9.710307833E0,1.003274581E-1,3.800690174E-2,-2.777989937E0,2.780060829E0
9.720287833E0,9.984548304E-2,9.362971008E-2,-3.050411130E0,3.053480588E0
9.730267833E0,9.078059943E-2,1.672645739E-1,-3.347608729E0,3.353013981E0
9.740247833E0,4.193831373E-2,2.430848345E-1,-3.602513418E0,3.610948903E0
9.750226833E0,-1.060218969E-2,3.038219100E-1,-3.726947429E0,3.739325781E0
9.760206833E0,-9.247517735E-3,3.507235962E-1,-3.717494820E0,3.734013966E0
9.770186833E0,-2.070637934E-2,3.695478299E-1,-3.638387840E0,3.657165627E0
9.780166833E0,-3.569661202E-2,3.856405368E-1,-3.546185435E0,3.567271228E0
9.790145833E0,-8.552722335E-2,3.852438033E-1,-3.438401370E0,3.460972649E0
9.800125833E0,-1.089449292E-1,3.774839634E-1,-3.270588035E0,3.294102189E0
9.810105833E0,-7.602458429E-2,3.463194734E-1,-3.006419018E0,3.027254899E0
9.820085833E0,-2.652610394E-2,3.074112234E-1,-2.593374628E0,2.611665609E0
9.830064833E0,2.502179808E-2,2.818863729E-1,-2.134134310E0,2.152815662E0
9.840044833E0,6.874368617E-2,2.366800869E-1,-1.701871292E0,1.719624684E0
9.850024833E0,3.898678545E-2,2.016333380E-1,-1.292534037E0,1.308747572E0
9.860004833E0,-2.593605593E-4,1.789651448E-1,-8.431860387E-1,8.619694230E-1
9.869983833E0,8.595370464E-3,1.538539848E-1,-3.401740497E-1,3.734478720E-1
9.879963833E0,4.135172836E-2,1.278145793E-1,2.342961770E-1,2.700763423E-1
9.889943833E0,7.940590119E-2,1.086634862E-1,7.964656162E-1,8.077564783E-1
9.899923833E0,9.203460792E-2,8.884785712E-2,1.283805898E0,1.290163514E0
9.909903833E0,3.489027184E-2,8.308279485E-2,1.741105524E0,1.743435840E0
9.919882833E0,-2.543507745E-2,9.727749556E-2,2.163743441E0,2.166078377E0
9.929862833E0,-5.259623470E-2,9.273333192E-2,2.518849525E0,2.521104672E0
9.939842833E0,-4.822783470E-2,8.573684603E-2,2.863633520E0,2.865322611E0
9.949822833E0,-2.148899261E-2,6.608289242E-2,3.201071658E0,3.201825804E0
9.959801833E0,7.075701043E-2,5.144906580E-2,3.461085643E0,3.462191126E0
9.969781833E0,1.344056065E-1,3.678220242E-2,3.642104915E0,3.644769678E0
9.979761833E0,1.214306167E-1,1.680460542E-2,3.754004250E0,3.756005285E0
9.989741833E0,5.068813291E-2,-8.146048486E-3,3.739517189E0,3.739869577E0
9.999720833E0,-1.569217265E-2,-2.430073589E-2,3.641994402E0,3.642109279E0
1.000970083E1,-8.509732509E-2,-4.361905932E-2,3.493935301E0,3.495243634E0
1.001968083E1,-1.310242622E-1,-8.500682116E-2,3.273873001E0,3.277596367E0
1.002966083E1,-7.772020373E-2,-1.344321656E-1,3.009136219E0,3.013140093E0
1.003963983E1,8.483067378E-3,-1.958621362E-1,2.721612838E0,2.728664578E0
1.004961983E1,7.084583329E-2,-2.325142381E-1,2.408179860E0,2.420415716E0
1.005959983E1,1.030040028E-1,-2.707906964E-1,1.991188014E0,2.012154848E0
1.006957983E1,1.044501106E-1,-3.063847446E-1,1.484949532E0,1.519821223E0
1.007955883E1,4.867589587E-2,-3.183735833E-1,9.674919963E-1,1.019692034E0
1.008953883E1,1.063300635E-2,-2.985892367E-1,4.560015446E-1,5.451660314E-1
1.009951883E1,2.789106335E-2,-2.711602405E-1,-1.562142134E-2,2.730381223E-1
1.010949883E1,4.641011808E-2,-2.519918981E-1,-4.816965491E-1,5.456055179E-1
1.011947783E1,5.390358989E-2,-2.143489856E-1,-9.521038789E-1,9.774215471E-1
1.012945783E1,4.657625210E-2,-1.581633827E-1,-1.420659980E0,1.430195715E0
1.013943783E1,-2.018396717E-2,-8.224576592E-2,-1.864212218E0,1.866134763E0
1.014941783E1,-5.397040347E-2,-1.057585895E-2,-2.322101828E0,2.322753012E0
1.015939683E1,-4.310680669E-2,6.163988560E-2,-2.698328056E0,2.699376218E0
1.016937683E1,-2.538755056E-2,1.414169571E-1,-2.920857881E0,2.924389516E0
1.017935683E1,1.283112089E-2,2.057950938E-1,-3.108561105E0,3.115392174E0
1.018933683E1,5.352906659E-3,2.490761840E-1,-3.298217883E0,3.307613763E0
1.019931583E1,-3.468068571E-2,3.075422010E-1,-3.498074545E0,3.511738953E0
1.020929583E1,-4.585729125E-2,3.462072068E-1,-3.594503317E0,3.611428584E0
1.021927583E1,-4.242249973E-2,3.817731884E-1,-3.563805435E0,3.584446905E0
1.022925583E1,-6.012216769E-4,3.828508303E-1,-3.447052910E0,3.468248677E0
1.023923583E1,5.394906113E-2,3.712063926E-1,-3.290444010E0,3.311755799E0
1.024921483E1,2.557460664E-2,3.670659792E-1,-3.066844729E0,3.088839278E0
1.025919483E1,-3.981442228E-3,3.681871828E-1,-2.848735984E0,2.872433526E0
1.026917483E1,-3.231064475E-2,3.390700954E-1,-2.606089983E0,2.628253699E0
1.027915483E1,-3.967520373E-2,3.067870331E-1,-2.243849126E0,2.265072031E0
1.028913383E1,-2.472358095E-3,2.630793884E-1,-1.792192063E0,1.811399809E0
1.029911383E1,3.709490055E-2,2.238390166E-1,-1.278420612E0,1.298398706E0
1.030909383E1,4.979691675E-2,1.922254604E-1,-8.105743629E-1,8.345424844E-1
1.031907383E1,5.274237854E-2,1.508485159E-1,-4.020849538E-1,4.326769503E-1
1.032905283E1,1.374070097E-2,1.246249232E-1,6.620217562E-2,1.417847185E-1
1.033903283E1,-7.177183125E-3,1.244474602E-1,6.037834883E-1,6.165169771E-1
1.034901283E1,2.349656101E-2,1.080483592E-1,1.100944169E0,1.106482986E0
1.035899283E1,6.329445577E-2,7.732562631E-2,1.560546429E0,1.563742497E0
1.036897183E1,5.483895253E-2,7.093988210E-2,1.991370447E0,1.993388080E0
1.037895183E1,4.160913376E-2,7.647719532E-2,2.403752933E0,2.405329134E0
1.038893183E1,-7.687206510E-3,9.374636203E-2,2.741200426E0,2.742813746E0
1.039891183E1,-5.332619562E-2,7.804629564E-2,2.992552346E0,2.994044831E0
1.040889083E1,-5.789176555E-2,7.625090808E-2,3.199787024E0,3.201218933E0
1.041887083E1,-3.801538934E-2,5.851922661E-2,3.384823918E0,3.385543180E0
1.042885083E1,-4.666041546E-3,3.375509888E-2,3.533661869E0,3.533826167E0
1.043883083E1,2.295396681E-2,2.737344772E-2,3.596263914E0,3.596441342E0
1.044880983E1,4.349307924E-2,-1.830061555E-2,3.523357320E0,3.523673278E0
1.045878983E1,3.089156206E-2,-5.752724648E-2,3.376464154E0,3.377095476E0
1.046876983E1,2.549165840E-2,-8.682150453E-2,3.209700394E0,3.210975617E0
1.047874983E1,3.567989264E-2,-1.102814108E-1,2.970122427E0,2.972383265E0
1.048872883E1,6.408486228E-2,-1.391470680E-1,2.674259747E0,2.678644054E0
1.049870883E1,8.598820321E-2,-2.058561972E-1,2.331148056E0,2.341798882E0
1.050868883E1,9.642608615E-2,-2.406579477E-1,1.933813380E0,1.951114663E0
1.051866883E1,6.844057200E-2,-2.466177222E-1,1.531980441E0,1.553212312E0
1.052864783E1,6.769065745E-5,-2.517594713E-1,1.054978037E0,1.084601998E0
1.053862783E1,-4.570459669E-2,-2.559320444E-1,5.081727415E-1,5.708149058E-1
1.054860783E1,-5.035728101E-2,-2.444112754E-1,3.568555713E-3,2.495705549E-1
1.055858783E1,-2.629044288E-2,-2.041529033E-1,-4.095588648E-1,4.583754564E-1
1.056856783E1,2.354494672E-2,-1.678107038E-1,-8.238680077E-1,8.411143150E-1
1.057854683E1,4.700518191E-2,-1.351174593E-1,-1.284388281E0,1.292331022E0
1.058852683E1,1.664576216E-2,-8.173647344E-2,-1.734318661E0,1.736323458E0
1.059850683E1,-2.367831806E-2,-8.081144392E-3,-2.144761040E0,2.144906965E0
1.060848683E1,-7.171006090E-2,7.061419219E-2,-2.493608850E0,2.495638955E0
1.061846583E1,-5.201165931E-2,1.314503780E-1,-2.806167085E0,2.809725631E0
1.062844583E1,9.961005952E-3,1.841729674E-1,-3.039164595E0,3.044756204E0
1.063842583E1,2.694289165E-2,2.510127819E-1,-3.167904496E0,3.177947802E0
1.064840583E1,3.774187669E-2,2.954741326E-1,-3.268214650E0,3.281761175E0
1.065838483E1,4.088411557E-2,3.289854026E-1,-3.398588848E0,3.414719471E0
1.066836483E1,-3.077745913E-3,3.677556583E-1,-3.456983821E0,3.476491168E0
1.067834471E1,-5.480924137E-3,3.857957804E-1,-3.385257196E0,3.407174007E0
1.068832471E1,6.022668667E-3,3.850777423E-1,-3.187827714E0,3.211007112E0
1.069830371E1,1.202020344E-2,3.693461010E-1,-2.971504709E0,2.994394974E0
1.070828371E1,-2.496678857E-3,3.566743076E-1,-2.760163531E0,2.783114355E0
1.071826371E1,-4.810109630E-2,3.360573176E-1,-2.504564778E0,2.527467697E0
1.072824371E1,-5.165970261E-2,3.080108553E-1,-2.177133565E0,2.199420372E0
1.073822271E1,-2.555819789E-2,2.665675449E-1,-1.799213399E0,1.819032802E0
1.074820271E1,1.725955535E-2,2.266410023E-1,-1.355202740E0,1.374131909E0
1.075818271E1,6.561795655E-2,1.965272570E-1,-8.600950170E-1,8.846988850E-1
1.076816271E1,8.092493473E-2,1.780541486E-1,-3.782160348E-1,4.257927827E-1
1.077814171E1,4.103388651E-2,1.508818451E-1,6.135249496E-2,1.679679721E-1
1.078812171E1,-1.384005795E-2,1.350344288E-1,4.719656128E-1,4.910981407E-1
1.079810171E1,-5.577384009E-2,1.297666723E-1,9.245664167E-1,9.352930928E-1
1.080808171E1,-4.615799345E-2,1.181859693E-1,1.394118884E0,1.399880690E0
1.081806071E1,8.121691179E-3,1.057068416E-1,1.850432085E0,1.853466697E0
1.082804071E1,3.052219162E-2,9.888547987E-2,2.254495152E0,2.256869144E0
1.083802071E1,5.675194222E-2,9.567857444E-2,2.577187781E0,2.579587570E0
1.084800071E1,6.349494218E-2,8.920044422E-2,2.850733978E0,2.852835876E0
1.085798071E1,1.757752511E-2,9.996779948E-2,3.101636247E0,3.103296624E0
1.086795971E1,7.976424415E-3,8.207385778E-2,3.258559143E0,3.259602342E0
1.087793971E1,1.151210781E-2,5.855343282E-2,3.331752250E0,3.332286615E0
1.088791971E1,2.803065648E-2,3.842117697E-2,3.387528255E0,3.387862096E0
1.089789971E1,2.293517349E-2,1.018380314E-2,3.401586131E0,3.401678694E0
1.090787871E1,3.953525428E-2,-1.994514495E-2,3.306844865E0,3.307141335E0
1.091785871E1,4.319144513E-2,-5.980970711E-2,3.119379038E0,3.120251318E0
1.092783871E1,1.361007052E-2,-1.163587144E-1,2.883518146E0,2.885896998E0
1.093781871E1,-2.095053714E-2,-1.325809371E-1,2.614794148E0,2.618237015E0
1.094779771E1,-2.592074353E-2,-1.496507138E-1,2.298345176E0,2.303357933E0
1.095777771E1,-1.626001038E-2,-1.857365128E-1,1.906605701E0,1.915700326E0
1.096775771E1,1.090236199E-2,-2.195150006E-1,1.478633954E0,1.494879282E0
1.097773771E1,2.596189331E-2,-2.359524009E-1,1.066809878E0,1.092900211E0
1.098771671E1,1.033442376E-2,-2.286989298E-1,6.546133339E-1,6.934901714E-1
1.099769671E1,7.999173738E-3,-2.076913458E-1,1.784897661E-1,2.739676596E-1
1.100767671E1,7.436671592E-3,-1.994271836E-1,-3.534285182E-1,4.058795672E-1
1.101765671E1,1.322223566E-2,-1.707819664E-1,-8.075870204E-1,8.255532103E-1
1.102763571E1,3.457790262E-2,-1.203780904E-1,-1.189565738E0,1.196140946E0
1.103761571E1,5.652613007E-2,-5.429285914E-2,-1.572280621E0,1.574232914E0
1.104759571E1,4.357105734E-2,-1.285276473E-2,-1.968547010E0,1.969071091E0
1.105757571E1,1.562631838E-2,5.378444374E-2,-2.337896912E0,2.338567707E0
1.106755471E1,-1.499321111E-2,1.269778427E-1,-2.639703872E0,2.642798649E0
1.107753471E1,-5.255511233E-2,1.949017310E-1,-2.858417219E0,2.865536201E0
1.108751471E1,-2.223195445E-2,2.393475866E-1,-3.081894878E0,3.091255014E0
1.109749471E1,5.285791587E-3,2.772255573E-1,-3.211706573E0,3.223653372E0
1.110747371E1,1.439407250E-2,3.318572626E-1,-3.231765447E0,3.248791211E0
1.111745371E1,1.567841342E-2,3.506744796E-1,-3.221684847E0,3.240751712E0
1.112743371E1,-5.764477551E-3,3.609340042E-1,-3.213547277E0,3.233758291E0
1.113741371E1,-2.215626955E-2,3.682851237E-1,-3.176121588E0,3.197479191E0
1.114739371E1,-1.131048851E-2,3.749763849E-1,-2.988544080E0,3.011997831E0
1.115737271E1,3.519804552E-3,3.529578173E-1,-2.685847174E0,2.708941980E0
1.116735271E1,3.418263998E-2,3.292982286E-1,-2.401282484E0,2.423997389E0
1.117733271E1,1.833022621E-2,3.075126725E-1,-2.110426775E0,2.132791882E0
1.118731171E1,-1.058481250E-2,2.823924494E-1,-1.762311621E0,1.784824861E0
1.119729171E1,-1.771708170E-2,2.558320570E-1,-1.376883046E0,1.400560909E0
1.120727171E1,-5.634212550E-3,2.237875611E-1,-9.447083205E-1,9.708689034E-1
1.121725171E1,1.525856506E-2,1.846416217E-1,-4.888640660E-1,5.227938669E-1
1.122723171E1,4.765880926E-2,1.483099473E-1,1.266331494E-2,1.562931927E-1
1.123721071E1,4.623635528E-2,1.401431412E-1,4.739630216E-1,4.964059291E-1
1.124719071E1,2.171776492E-2,1.300938240E-1,9.006922352E-1,9.102980649E-1
1.125717071E1,-1.845684584E-2,1.154018176E-1,1.292879022E0,1.298150377E0
1.126715071E1,-1.537569210E-2,1.149942666E-1,1.673830969E0,1.677846896E0
1.127712971E1,1.145277685E-3,1.118613285E-1,2.082897499E0,2.085899388E0
1.128710971E1,3.595787292E-2,1.117604640E-1,2.441977935E0,2.444798480E0
1.129708971E1,8.183340931E-2,9.346569568E-2,2.737841785E0,2.740658713E0
1.130706971E1,8.711693510E-2,8.673525810E-2,2.955145953E0,2.957701806E0
1.131704871E1,4.316302218E-2,7.935256362E-2,3.124688310E0,3.125993748E0
1.132702871E1,8.008109014E-3,7.987735122E-2,3.218026829E0,3.219027989E0
1.133700871E1,-3.582510458E-2,6.743593812E-2,3.246140242E0,3.247038268E0
1.134698871E1,-4.708547149E-2,4.329980135E-2,3.213391741E0,3.214028375E0
1.135696771E1,-1.681934224E-2,1.037763834E-2,3.145873357E0,3.145935435E0
1.136694771E1,2.967156792E-2,-3.133318216E-2,3.031170866E0,3.031478021E0
1.137692771E1,5.931893385E-2,-7.462333560E-2,2.842400526E0,2.843998616E0
1.138690771E1,5.392858674E-2,-1.129638210E-1,2.561181028E0,2.564238167E0
1.139688671E1,4.065546202E-2,-1.471036667E-1,2.235162503E0,2.240366882E0
1.140686671E1,-3.290831242E-3,-1.685471606E-1,1.868590028E0,1.876179008E0
1.141684671E1,-1.953945782E-2,-1.948306873E-1,1.456624449E0,1.469726360E0
1.142682671E1,1.782432329E-3,-2.116826552E-1,1.037808273E0,1.059178330E0
1.143680571E1,1.545590859E-2,-2.172448191E-1,6.429960859E-1,6.788800800E-1
1.144678571E1,3.697504177E-2,-2.087049606E-1,2.366397411E-1,3.176842479E-1
1.145676571E1,5.122316228E-2,-1.752036309E-1,-2.274882638E-1,2.916693930E-1
1.146674571E1,2.679303847E-4,-1.411968094E-1,-6.787021083E-1,6.932338441E-1
1.147672571E1,-4.021128377E-2,-8.781933188E-2,-1.133793241E0,1.137899950E0
1.148670471E1,-2.935494119E-2,-3.755286545E-2,-1.552883652E0,1.553615000E0
1.149668471E1,-1.761232518E-2,4.728350937E-3,-1.893171138E0,1.893258965E0
1.150666471E1,1.494082371E-3,6.286809325E-2,-2.194379343E0,2.195280239E0
1.151664471E1,4.205396069E-2,1.213007811E-1,-2.466719259E0,2.470057958E0
1.152662371E1,1.682539959E-2,1.751165074E-1,-2.702967821E0,2.708686753E0
1.153660371E1,-5.622006487E-3,2.408055899E-1,-2.928393188E0,2.938282764E0
1.154658371E1,-3.862369163E-3,2.861691660E-1,-3.094578073E0,3.107783963E0
1.155656371E1,-1.646731244E-2,3.271689650E-1,-3.153771191E0,3.170738625E0
1.156654271E1,9.506750386E-3,3.523178396E-1,-3.134768325E0,3.154519090E0
1.157652271E1,1.114218006E-2,3.717399511E-1,-3.065419763E0,3.087897839E0
1.158650271E1,-9.326939369E-3,3.900911450E-1,-2.993552220E0,3.018876113E0
1.159648271E1,-2.999829937E-2,3.810691836E-1,-2.879092973E0,2.904357067E0
1.160646171E1,-4.255909617E-2,3.726170334E-1,-2.674919313E0,2.701082757E0
1.161644171E1,-5.224660775E-3,3.550183761E-1,-2.397823856E0,2.423968768E0
1.162642171E1,3.190492108E-2,3.180519864E-1,-2.047975003E0,2.072770273E0
1.163640171E1,4.731523052E-2,2.874792346E-1,-1.690637037E0,1.715557236E0
1.164638071E1,5.653527548E-2,2.605700558E-1,-1.304941828E0,1.331903212E0
1.165636071E1,3.097474784E-2,2.239717484E-1,-9.131924129E-1,9.407673262E-1
1.166634071E1,1.976029985E-3,2.079360518E-1,-5.165734363E-1,5.568567333E-1
1.167632071E1,-6.545957923E-3,1.779638091E-1,-7.213534534E-2,1.921392072E-1
1.168629971E1,1.388426838E-2,1.507049668E-1,3.808630693E-1,4.098309865E-1
1.169627971E1,3.123601788E-2,1.320207739E-1,8.355016279E-1,8.464444127E-1
1.170625971E1,3.495999989E-2,1.184891474E-1,1.268456372E0,1.274458099E0
1.171623971E1,2.237532087E-2,1.216156536E-1,1.658763864E0,1.663366640E0
1.172621871E1,1.195969390E-2,1.109585184E-1,1.969243414E0,1.972403217E0
1.173619871E1,1.109703773E-2,9.928893775E-2,2.283415480E0,2.285600073E0
1.174617871E1,-6.680096705E-3,1.054799697E-1,2.573729737E0,2.575898952E0
1.175615871E1,1.271076875E-2,9.732807398E-2,2.829668798E0,2.831370662E0
1.176613871E1,3.111316239E-2,8.257145584E-2,2.991269467E0,2.992570650E0
1.177611771E1,3.047364146E-2,6.502688527E-2,3.095412471E0,3.096245388E0
1.178609771E1,1.494988689E-2,4.453502566E-2,3.140244827E0,3.140596192E0
1.179607771E1,7.597488295E-3,3.683628917E-2,3.124540960E0,3.124767327E0
1.180605771E1,2.206822327E-2,6.434568465E-3,3.044231792E0,3.044318580E0
1.181603671E1,9.858533498E-3,-2.395955086E-2,2.910267988E0,2.910383311E0
1.182601671E1,3.200502723E-2,-6.210064620E-2,2.714962800E0,2.715861524E0
1.183599671E1,6.956700155E-2,-9.603291571E-2,2.475286015E0,2.478124844E0
1.184597671E1,6.280130709E-2,-1.226123115E-1,2.185293939E0,2.189631792E0
1.185595571E1,2.416913699E-2,-1.488595855E-1,1.850045584E0,1.856182099E0
1.186593571E1,1.668819102E-2,-1.694774526E-1,1.447423856E0,1.457407603E0
1.187591571E1,1.092524836E-2,-1.817764860E-1,1.021843035E0,1.037942793E0
1.188589571E1,-1.168675683E-3,-1.744484630E-1,6.326786739E-1,6.562895218E-1
1.189587471E1,1.138478469E-2,-1.708927712E-1,2.265679121E-1,2.840193151E-1
1.190585471E1,2.728029426E-2,-1.375709510E-1,-2.030515802E-1,2.467791021E-1
1.191583471E1,-4.887340385E-3,-1.178585252E-1,-6.175302923E-1,6.286956179E-1
1.192581471E1,-3.703937028E-3,-7.810856849E-2,-1.039174767E0,1.042112693E0
1.193579371E1,5.893938560E-3,-2.736087620E-2,-1.455492429E0,1.455761507E0
1.194577371E1,-5.142982481E-3,1.762613922E-2,-1.812159135E0,1.812252152E0
1.195575371E1,2.610070987E-2,6.690588802E-2,-2.106070599E0,2.107294714E0
1.196573371E1,3.738768160E-2,1.273608354E-1,-2.357610215E0,2.361343801E0
1.197571271E1,-6.744196806E-3,1.901628551E-1,-2.591138068E0,2.598115448E0
1.198569271E1,-2.868028214E-2,2.510089812E-1,-2.803798378E0,2.815157795E0
1.199567271E1,-4.478192434E-2,2.975191963E-1,-2.963356029E0,2.978590614E0
1.200565271E1,-4.481502506E-2,3.340683872E-1,-3.026728737E0,3.045438707E0
1.201563171E1,7.839416843E-3,3.528569528E-1,-3.018001183E0,3.038568845E0
1.202561171E1,2.359691385E-2,3.656223017E-1,-2.946411967E0,2.969104236E0
1.203559171E1,4.143678708E-2,3.692086914E-1,-2.863617148E0,2.887617571E0
1.204557171E1,2.977323638E-2,3.590146556E-1,-2.750434933E0,2.773926872E0
1.205555071E1,-6.542413048E-3,3.545435822E-1,-2.567769086E0,2.592138506E0
1.206553071E1,-8.143472057E-3,3.315678254E-1,-2.302424194E0,2.326190170E0
1.207551071E1,6.883378811E-3,3.085730651E-1,-1.985801559E0,2.009644881E0
1.208549071E1,1.816468606E-2,2.774673396E-1,-1.648269281E0,1.671559064E0
1.209547071E1,2.675578075E-2,2.388689920E-1,-1.267865219E0,1.290448170E0
1.210544971E1,1.574613148E-2,2.283203226E-1,-8.933171421E-1,9.221678951E-1
1.211542971E1,-5.065433783E-3,1.942485970E-1,-5.178580695E-1,5.531140536E-1
1.212540971E1,-6.445714720E-3,1.566150400E-1,-1.179436022E-1,1.961645006E-1
1.213538971E1,1.437735312E-2,1.375969711E-1,3.147743297E-1,3.438350089E-1
1.214536871E1,4.491357805E-2,1.291202626E-1,7.551316488E-1,7.674067231E-1
1.215534871E1,7.418373462E-2,1.164961240E-1,1.166713650E0,1.174859700E0
1.216532871E1,7.029610366E-2,1.067216259E-1,1.546303781E0,1.551575467E0
1.217530871E1,4.498037335E-2,1.204184362E-1,1.869220943E0,1.873635708E0
1.218528771E1,1.968119798E-2,1.276938343E-1,2.172542331E0,2.176380768E0
1.219526771E1,-3.768786304E-3,1.232955587E-1,2.428227623E0,2.431358753E0
1.220524771E1,-6.208738033E-3,1.076235589E-1,2.648905635E0,2.651098346E0
1.221522771E1,8.522481266E-3,1.080995223E-1,2.814735010E0,2.816822911E0
1.222520671E1,2.198448018E-2,9.992014468E-2,2.933194336E0,2.934978086E0
1.223518671E1,1.577952457E-2,8.040330827E-2,3.004235083E0,3.005352245E0
1.224516671E1,6.687113363E-4,6.228074044E-2,2.983030740E0,2.983680903E0
1.225514671E1,-5.655189436E-3,4.781151295E-2,2.896476161E0,2.896876261E0
1.226512571E1,-1.344872391E-2,2.565261215E-2,2.774255905E0,2.774407099E0
1.227510571E1,-1.207177771E-2,9.042719007E-4,2.611426737E0,2.611454795E0
1.228508571E1,1.896272136E-2,-2.356194019E-2,2.378942027E0,2.379134279E0
1.229506571E1,4.356129980E-2,-7.320977122E-2,2.093711924E0,2.095444315E0
1.230504471E1,6.554867618E-2,-1.058407429E-1,1.794995803E0,1.799307873E0
1.231502471E1,7.050381686E-2,-1.223135188E-1,1.464628703E0,1.471417216E0
1.232500471E1,6.487279287E-2,-1.518548217E-1,1.075638004E0,1.088239625E0
1.233498471E1,3.508433545E-2,-1.569699660E-1,6.514628541E-1,6.710248365E-1
1.234496471E1,1.188936286E-2,-1.461730823E-1,2.330881423E-1,2.753870168E-1
1.235494371E1,3.010142963E-2,-1.423642060E-1,-1.639132422E-1,2.191830609E-1
1.236492371E1,3.988088868E-2,-1.213876122E-1,-5.524484432E-1,5.670314983E-1
1.237490371E1,2.885995612E-2,-8.206011683E-2,-9.171819681E-1,9.212977382E-1
1.238488371E1,2.348461077E-3,-4.369214952E-2,-1.275566002E0,1.276316240E0
1.239486271E1,-3.529466162E-2,9.264036119E-3,-1.640273799E0,1.640679637E0
1.240484271E1,-7.114541173E-2,6.100429326E-2,-1.978382612E0,1.980601159E0
1.241482271E1,-5.724932101E-2,1.116774336E-1,-2.273116195E0,2.276577819E0
1.242480271E1,-1.742917942E-2,1.603245136E-1,-2.481340222E0,2.486575360E0
1.243478171E1,2.033698149E-2,2.124843085E-1,-2.600938586E0,2.609682874E0
1.244476171E1,4.844091089E-2,2.513270697E-1,-2.729280877E0,2.741256267E0
1.245474171E1,1.437574513E-2,2.919216567E-1,-2.846122863E0,2.861090748E0
1.246472171E1,-6.789439637E-3,3.283173582E-1,-2.921606909E0,2.940004305E0
1.247470071E1,-5.945978779E-3,3.513632816E-1,-2.901383729E0,2.922587732E0
1.248468071E1,3.821210247E-3,3.662733892E-1,-2.786151481E0,2.810126487E0
1.249466071E1,4.092325537E-2,3.621660125E-1,-2.616185786E0,2.641451684E0
1.250464071E1,4.875867052E-2,3.571683973E-1,-2.405003652E0,2.431869494E0
1.251461971E1,2.144603385E-3,3.440390593E-1,-2.198950111E0,2.225701926E0
1.252459971E1,-1.329263980E-2,3.418133166E-1,-1.976379941E0,2.005764370E0
1.253457971E1,-3.394025462E-2,3.145685077E-1,-1.689440112E0,1.718811560E0
1.254455971E1,-3.606330553E-2,2.914573878E-1,-1.308479978E0,1.341032373E0
1.255453871E1,2.207559625E-2,2.586951461E-1,-8.805357134E-1,9.180161508E-1
1.256451871E1,5.095161393E-2,2.375498602E-1,-4.815217173E-1,5.393414200E-1
1.257449871E1,2.636829307E-2,1.996759826E-1,-1.053545469E-1,2.273001660E-1
1.258447871E1,4.878003113E-3,1.837537220E-1,2.558256251E-1,3.150174213E-1
1.259445771E1,-1.919916814E-2,1.814168823E-1,6.393877691E-1,6.649040626E-1
1.260443771E1,-2.335907836E-2,1.666912544E-1,1.041171591E0,1.054689482E0
1.261441771E1,2.477841686E-2,1.494013301E-1,1.420122621E0,1.428174704E0
1.262439771E1,4.933624752E-2,1.473013026E-1,1.771677691E0,1.778475072E0
1.263437771E1,3.432003127E-2,1.484207520E-1,2.081742674E0,2.087309067E0
1.264435671E1,3.160852206E-2,1.468498975E-1,2.331860247E0,2.336693433E0
1.265433671E1,1.219277853E-2,1.374455282E-1,2.509327919E0,2.513118888E0
1.266431671E1,-3.027092580E-2,1.258823669E-1,2.674460306E0,2.677592319E0
1.267429671E1,-7.762105688E-3,1.098171419E-1,2.801960598E0,2.804122545E0
1.268427583E1,4.155464502E-2,8.315793157E-2,2.859773773E0,2.861284338E0
1.269425583E1,8.369455978E-2,5.386279643E-2,2.875541375E0,2.877263314E0
1.270423583E1,1.121717608E-1,1.551529437E-2,2.817557461E0,2.819832136E0
1.271421583E1,1.270810096E-1,-1.223179042E-2,2.691062306E0,2.694088999E0
1.272419483E1,7.077539261E-2,-3.856151015E-2,2.550812745E0,2.552085776E0
1.273417483E1,1.645015452E-2,-5.994477779E-2,2.319476429E0,2.320309222E0
1.274415483E1,-6.423915569E-3,-1.019254473E-1,2.002104766E0,2.004707848E0
1.275413483E1,-4.342061944E-2,-1.204008946E-1,1.719430481E0,1.724187607E0
1.276411383E1,-4.991402552E-2,-1.227254552E-1,1.404129902E0,1.410366522E0
1.277409383E1,6.942883367E-3,-1.470086494E-1,1.064878542E0,1.075000492E0
1.278407383E1,1.500541717E-4,-1.503436089E-1,6.991960144E-1,7.151771038E-1
1.279405383E1,-1.444487019E-2,-1.513700876E-1,2.810113370E-1,3.195135822E-1
1.280403283E1,5.835448131E-3,-1.373113346E-1,-1.403781992E-1,1.964548138E-1
1.281401283E1,-9.853261868E-3,-1.025487605E-1,-5.249998587E-1,5.350123239E-1
1.282399283E1,-1.518638849E-2,-7.082907736E-2,-8.918038827E-1,8.947410518E-1
1.283397283E1,5.612088148E-2,-3.865740448E-2,-1.248897436E0,1.250755273E0
1.284395183E1,8.056808098E-2,8.857946992E-3,-1.548640913E0,1.550760573E0
1.285393183E1,6.381972760E-2,6.430066109E-2,-1.835015316E0,1.837250321E0
1.286391183E1,6.127746787E-2,1.187721527E-1,-2.132199467E0,2.136383935E0
1.287389183E1,-3.997284528E-3,1.827228579E-1,-2.389325513E0,2.396305495E0
1.288387183E1,-3.298689351E-2,2.451559183E-1,-2.569280591E0,2.581161040E0
1.289385083E1,-1.152215771E-2,2.917988652E-1,-2.693041588E0,2.708828591E0
1.290383083E1,-4.621959021E-2,3.260126781E-1,-2.736876410E0,2.756612595E0
1.291381083E1,-2.424682274E-2,3.530253527E-1,-2.767048042E0,2.789582348E0
1.292379083E1,3.909009844E-3,3.684462145E-1,-2.769002767E0,2.793410857E0
1.293376983E1,-4.401496151E-2,3.911117765E-1,-2.686441836E0,2.715119790E0
1.294374983E1,-1.963516943E-2,3.934492010E-1,-2.564594048E0,2.594673475E0
1.295372983E1,1.409630304E-2,3.906302583E-1,-2.388512750E0,2.420285905E0
1.296370983E1,7.874956951E-3,3.684973776E-1,-2.128774753E0,2.160447704E0
1.297368883E1,5.837824476E-2,3.506221470E-1,-1.866830601E0,1.900368491E0
1.298366883E1,4.271493360E-2,3.303980899E-1,-1.570957396E0,1.605893709E0